date,product,rating,verified_purchase,review_title,review_text,helpful_votes,source
2025-10-06 21:14:13.048614,Wireless Earbuds,4,True,Disappointed,Love it! Been using for 3 months with no problems.,73,amazon
2025-10-04 21:14:13.048744,Wireless Earbuds,5,False,Great quality for the price,Not durable. Material feels cheap. Returning for refund.,109,amazon
2025-10-02 21:14:13.048776,Wireless Earbuds,3,False,Disappointed,Great value for money. Some minor issues but overall satisfied.,11,amazon
2025-09-30 21:14:13.048792,Wireless Earbuds,2,True,Disappointed,Decent product but overpriced for what you get.,93,amazon
2025-09-28 21:14:13.048807,Wireless Earbuds,5,True,Exceeded expectations,Perfect! Exactly what I was looking for. Highly recommend.,125,amazon
2025-09-26 21:14:13.048820,Wireless Earbuds,2,True,Good but has some issues,Instructions unclear. Took forever to assemble. Works fine once set up.,45,amazon
2025-09-24 21:14:13.048835,Wireless Earbuds,2,True,Would not recommend,Product broke after 2 weeks of normal use. Customer service unhelpful.,122,amazon
2025-09-22 21:14:13.048850,Wireless Earbuds,5,True,Not what I expected,Instructions unclear. Took forever to assemble. Works fine once set up.,148,amazon
2025-09-20 21:14:13.048866,Wireless Earbuds,2,True,Great quality for the price,Product broke after 2 weeks of normal use. Customer service unhelpful.,33,amazon
2025-09-18 21:14:13.048879,Wireless Earbuds,3,True,Love this product!,Decent product but overpriced for what you get.,144,amazon
2025-09-16 21:14:13.048895,Wireless Earbuds,5,False,Disappointed,Product broke after 2 weeks of normal use. Customer service unhelpful.,87,amazon
2025-09-14 21:14:13.048909,Wireless Earbuds,5,True,Would not recommend,Decent product but overpriced for what you get.,114,amazon
2025-09-12 21:14:13.048936,Wireless Earbuds,4,True,Not what I expected,Instructions unclear. Took forever to assemble. Works fine once set up.,65,amazon
2025-09-10 21:14:13.048962,Wireless Earbuds,5,True,Not what I expected,Perfect! Exactly what I was looking for. Highly recommend.,71,amazon
2025-09-08 21:14:13.048977,Wireless Earbuds,4,True,Perfect for my needs,Perfect! Exactly what I was looking for. Highly recommend.,127,amazon
2025-09-06 21:14:13.048990,Wireless Earbuds,5,False,Perfect for my needs,Perfect! Exactly what I was looking for. Highly recommend.,45,amazon
2025-09-04 21:14:13.049010,Wireless Earbuds,4,False,Perfect for my needs,Love it! Been using for 3 months with no problems.,150,amazon
2025-09-02 21:14:13.049038,Wireless Earbuds,4,True,Love this product!,Perfect! Exactly what I was looking for. Highly recommend.,30,amazon
2025-08-31 21:14:13.049065,Wireless Earbuds,3,True,Good but has some issues,Perfect! Exactly what I was looking for. Highly recommend.,91,amazon
2025-08-29 21:14:13.049085,Wireless Earbuds,5,False,Perfect for my needs,Not durable. Material feels cheap. Returning for refund.,115,amazon
2025-08-27 21:14:13.049097,Wireless Earbuds,2,True,Not what I expected,Love it! Been using for 3 months with no problems.,126,amazon
2025-08-25 21:14:13.049106,Wireless Earbuds,5,False,Great quality for the price,Love it! Been using for 3 months with no problems.,16,amazon
2025-08-23 21:14:13.049116,Wireless Earbuds,3,True,Would not recommend,Instructions unclear. Took forever to assemble. Works fine once set up.,68,amazon
2025-08-21 21:14:13.049124,Wireless Earbuds,4,True,Love this product!,Decent product but overpriced for what you get.,137,amazon
2025-08-19 21:14:13.049133,Wireless Earbuds,5,True,Love this product!,Quality exceeded my expectations. Works exactly as advertised. Fast shipping.,103,amazon
2025-08-17 21:14:13.049143,Wireless Earbuds,4,True,Love this product!,Love it! Been using for 3 months with no problems.,52,amazon
2025-08-15 21:14:13.049152,Wireless Earbuds,5,True,Disappointed,Perfect! Exactly what I was looking for. Highly recommend.,74,amazon
2025-08-13 21:14:13.049161,Wireless Earbuds,2,True,Would not recommend,Decent product but overpriced for what you get.,0,amazon
2025-08-11 21:14:13.049170,Wireless Earbuds,5,False,Good but has some issues,Product broke after 2 weeks of normal use. Customer service unhelpful.,7,amazon
2025-08-09 21:14:13.049178,Wireless Earbuds,5,True,Disappointed,Love it! Been using for 3 months with no problems.,4,amazon
2025-08-07 21:14:13.049187,Wireless Earbuds,5,True,Not what I expected,Decent product but overpriced for what you get.,26,amazon
2025-08-05 21:14:13.049195,Wireless Earbuds,5,False,Perfect for my needs,Instructions unclear. Took forever to assemble. Works fine once set up.,128,amazon
2025-08-03 21:14:13.049204,Wireless Earbuds,5,False,Great quality for the price,Decent product but overpriced for what you get.,121,amazon
2025-08-01 21:14:13.049213,Wireless Earbuds,5,True,Would not recommend,Love it! Been using for 3 months with no problems.,81,amazon
2025-07-30 21:14:13.049222,Wireless Earbuds,5,True,Perfect for my needs,Perfect! Exactly what I was looking for. Highly recommend.,102,amazon
2025-07-28 21:14:13.049230,Wireless Earbuds,5,False,Exceeded expectations,Product broke after 2 weeks of normal use. Customer service unhelpful.,115,amazon
2025-07-26 21:14:13.049238,Wireless Earbuds,4,False,Great quality for the price,Quality exceeded my expectations. Works exactly as advertised. Fast shipping.,27,amazon
2025-07-24 21:14:13.049247,Wireless Earbuds,5,True,Love this product!,Instructions unclear. Took forever to assemble. Works fine once set up.,93,amazon
2025-07-22 21:14:13.049255,Wireless Earbuds,5,False,Love this product!,Great value for money. Some minor issues but overall satisfied.,39,amazon
2025-07-20 21:14:13.049262,Wireless Earbuds,5,True,Exceeded expectations,Instructions unclear. Took forever to assemble. Works fine once set up.,106,amazon
2025-07-18 21:14:13.049271,Wireless Earbuds,5,True,Good but has some issues,Decent product but overpriced for what you get.,58,amazon
2025-07-16 21:14:13.049279,Wireless Earbuds,5,True,Perfect for my needs,Quality exceeded my expectations. Works exactly as advertised. Fast shipping.,4,amazon
2025-07-14 21:14:13.049288,Wireless Earbuds,5,False,Good but has some issues,Instructions unclear. Took forever to assemble. Works fine once set up.,8,amazon
2025-07-12 21:14:13.049297,Wireless Earbuds,4,True,Not what I expected,Quality exceeded my expectations. Works exactly as advertised. Fast shipping.,37,amazon
2025-07-10 21:14:13.049306,Wireless Earbuds,4,True,Perfect for my needs,Love it! Been using for 3 months with no problems.,115,amazon
2025-07-08 21:14:13.049313,Wireless Earbuds,4,True,Good but has some issues,Great value for money. Some minor issues but overall satisfied.,145,amazon
2025-07-06 21:14:13.049322,Wireless Earbuds,5,False,Good but has some issues,Perfect! Exactly what I was looking for. Highly recommend.,60,amazon
2025-07-04 21:14:13.049330,Wireless Earbuds,4,False,Not what I expected,Love it! Been using for 3 months with no problems.,136,amazon
2025-07-02 21:14:13.049339,Wireless Earbuds,4,True,Good but has some issues,Product broke after 2 weeks of normal use. Customer service unhelpful.,107,amazon
2025-06-30 21:14:13.049347,Wireless Earbuds,5,True,Love this product!,Perfect! Exactly what I was looking for. Highly recommend.,35,amazon
2025-06-28 21:14:13.049355,Wireless Earbuds,5,False,Love this product!,Instructions unclear. Took forever to assemble. Works fine once set up.,3,amazon
2025-06-26 21:14:13.049363,Wireless Earbuds,5,True,Disappointed,Instructions unclear. Took forever to assemble. Works fine once set up.,22,amazon
2025-06-24 21:14:13.049371,Wireless Earbuds,2,False,Disappointed,Great value for money. Some minor issues but overall satisfied.,61,amazon
2025-06-22 21:14:13.049379,Wireless Earbuds,3,True,Exceeded expectations,Not durable. Material feels cheap. Returning for refund.,44,amazon
2025-06-20 21:14:13.049387,Wireless Earbuds,4,True,Good but has some issues,Quality exceeded my expectations. Works exactly as advertised. Fast shipping.,88,amazon
2025-06-18 21:14:13.049395,Wireless Earbuds,3,False,Great quality for the price,Product broke after 2 weeks of normal use. Customer service unhelpful.,121,amazon
2025-06-16 21:14:13.049403,Wireless Earbuds,2,True,Great quality for the price,Love it! Been using for 3 months with no problems.,126,amazon
2025-06-14 21:14:13.049410,Wireless Earbuds,5,True,Not what I expected,Perfect! Exactly what I was looking for. Highly recommend.,116,amazon
2025-06-12 21:14:13.049419,Wireless Earbuds,5,False,Not what I expected,Perfect! Exactly what I was looking for. Highly recommend.,60,amazon
2025-06-10 21:14:13.049426,Wireless Earbuds,5,True,Disappointed,Decent product but overpriced for what you get.,114,amazon
2025-06-08 21:14:13.049435,Wireless Earbuds,5,False,Not what I expected,Not durable. Material feels cheap. Returning for refund.,81,amazon
2025-06-06 21:14:13.049444,Wireless Earbuds,5,True,Exceeded expectations,Great value for money. Some minor issues but overall satisfied.,32,amazon
2025-06-04 21:14:13.049451,Wireless Earbuds,5,True,Would not recommend,Decent product but overpriced for what you get.,145,amazon
2025-06-02 21:14:13.049460,Wireless Earbuds,4,True,Love this product!,Perfect! Exactly what I was looking for. Highly recommend.,78,amazon
2025-05-31 21:14:13.049468,Wireless Earbuds,5,True,Good but has some issues,Great value for money. Some minor issues but overall satisfied.,126,amazon
2025-05-29 21:14:13.049481,Wireless Earbuds,4,True,Love this product!,Great value for money. Some minor issues but overall satisfied.,11,amazon
2025-05-27 21:14:13.049491,Wireless Earbuds,4,True,Good but has some issues,Great value for money. Some minor issues but overall satisfied.,118,amazon
2025-05-25 21:14:13.049499,Wireless Earbuds,5,True,Good but has some issues,Decent product but overpriced for what you get.,134,amazon
2025-05-23 21:14:13.049507,Wireless Earbuds,5,True,Exceeded expectations,Perfect! Exactly what I was looking for. Highly recommend.,5,amazon
2025-05-21 21:14:13.049515,Wireless Earbuds,2,False,Would not recommend,Great value for money. Some minor issues but overall satisfied.,47,amazon
2025-05-19 21:14:13.049523,Wireless Earbuds,5,True,Would not recommend,Instructions unclear. Took forever to assemble. Works fine once set up.,43,amazon
2025-05-17 21:14:13.049531,Wireless Earbuds,2,True,Great quality for the price,Decent product but overpriced for what you get.,21,amazon
2025-05-15 21:14:13.049539,Wireless Earbuds,5,True,Exceeded expectations,Product broke after 2 weeks of normal use. Customer service unhelpful.,38,amazon
2025-05-13 21:14:13.049547,Wireless Earbuds,5,False,Exceeded expectations,Great value for money. Some minor issues but overall satisfied.,35,amazon
2025-05-11 21:14:13.049555,Wireless Earbuds,5,False,Love this product!,Decent product but overpriced for what you get.,26,amazon
2025-05-09 21:14:13.049564,Wireless Earbuds,5,False,Would not recommend,Perfect! Exactly what I was looking for. Highly recommend.,12,amazon
2025-05-07 21:14:13.049572,Wireless Earbuds,4,True,Great quality for the price,Great value for money. Some minor issues but overall satisfied.,149,amazon
2025-05-05 21:14:13.049583,Wireless Earbuds,5,False,Love this product!,Love it! Been using for 3 months with no problems.,3,amazon
2025-05-03 21:14:13.049592,Wireless Earbuds,4,True,Not what I expected,Decent product but overpriced for what you get.,76,amazon
2025-05-01 21:14:13.049600,Wireless Earbuds,5,True,Good but has some issues,Not durable. Material feels cheap. Returning for refund.,94,amazon
2025-04-29 21:14:13.049608,Wireless Earbuds,4,False,Love this product!,Decent product but overpriced for what you get.,132,amazon
2025-04-27 21:14:13.049616,Wireless Earbuds,4,False,Exceeded expectations,Product broke after 2 weeks of normal use. Customer service unhelpful.,91,amazon
2025-04-25 21:14:13.049636,Wireless Earbuds,2,False,Great quality for the price,Decent product but overpriced for what you get.,126,amazon
2025-04-23 21:14:13.049645,Wireless Earbuds,4,True,Perfect for my needs,Decent product but overpriced for what you get.,70,amazon
2025-04-21 21:14:13.049652,Wireless Earbuds,2,False,Exceeded expectations,Not durable. Material feels cheap. Returning for refund.,61,amazon
2025-04-19 21:14:13.049661,Wireless Earbuds,5,False,Perfect for my needs,Not durable. Material feels cheap. Returning for refund.,38,amazon
2025-04-17 21:14:13.049669,Wireless Earbuds,5,False,Disappointed,Instructions unclear. Took forever to assemble. Works fine once set up.,142,amazon
2025-04-15 21:14:13.049676,Wireless Earbuds,5,False,Exceeded expectations,Perfect! Exactly what I was looking for. Highly recommend.,79,amazon
2025-04-13 21:14:13.049684,Wireless Earbuds,4,True,Disappointed,Product broke after 2 weeks of normal use. Customer service unhelpful.,147,amazon
2025-04-11 21:14:13.049692,Wireless Earbuds,4,True,Would not recommend,Quality exceeded my expectations. Works exactly as advertised. Fast shipping.,89,amazon
2025-04-09 21:14:13.049700,Wireless Earbuds,4,False,Not what I expected,Quality exceeded my expectations. Works exactly as advertised. Fast shipping.,11,amazon
2025-04-07 21:14:13.049707,Wireless Earbuds,5,True,Great quality for the price,Not durable. Material feels cheap. Returning for refund.,80,amazon
2025-04-05 21:14:13.049715,Wireless Earbuds,5,False,Disappointed,Product broke after 2 weeks of normal use. Customer service unhelpful.,4,amazon
2025-04-03 21:14:13.049724,Wireless Earbuds,5,True,Love this product!,Perfect! Exactly what I was looking for. Highly recommend.,134,amazon
2025-04-01 21:14:13.049732,Wireless Earbuds,5,True,Disappointed,Love it! Been using for 3 months with no problems.,147,amazon
2025-03-30 21:14:13.049743,Wireless Earbuds,5,True,Good but has some issues,Decent product but overpriced for what you get.,1,amazon
2025-03-28 21:14:13.049752,Wireless Earbuds,5,True,Love this product!,Perfect! Exactly what I was looking for. Highly recommend.,143,amazon
2025-03-26 21:14:13.049760,Wireless Earbuds,5,True,Great quality for the price,Decent product but overpriced for what you get.,26,amazon
2025-03-24 21:14:13.049768,Wireless Earbuds,3,True,Exceeded expectations,Decent product but overpriced for what you get.,57,amazon
2025-03-22 21:14:13.049776,Wireless Earbuds,2,True,Good but has some issues,Perfect! Exactly what I was looking for. Highly recommend.,36,amazon
2025-03-20 21:14:13.049785,Wireless Earbuds,5,True,Would not recommend,Love it! Been using for 3 months with no problems.,9,amazon
2025-03-18 21:14:13.049793,Wireless Earbuds,5,True,Would not recommend,Great value for money. Some minor issues but overall satisfied.,32,amazon
2025-03-16 21:14:13.049801,Wireless Earbuds,5,False,Love this product!,Quality exceeded my expectations. Works exactly as advertised. Fast shipping.,89,amazon
2025-03-14 21:14:13.049808,Wireless Earbuds,5,True,Great quality for the price,Not durable. Material feels cheap. Returning for refund.,50,amazon
2025-03-12 21:14:13.049817,Wireless Earbuds,5,True,Love this product!,Not durable. Material feels cheap. Returning for refund.,38,amazon
2025-03-10 21:14:13.049825,Wireless Earbuds,5,False,Would not recommend,Quality exceeded my expectations. Works exactly as advertised. Fast shipping.,146,amazon
2025-03-08 21:14:13.049833,Wireless Earbuds,5,True,Exceeded expectations,Perfect! Exactly what I was looking for. Highly recommend.,144,amazon
2025-03-06 21:14:13.049841,Wireless Earbuds,2,True,Not what I expected,Decent product but overpriced for what you get.,83,amazon
2025-03-04 21:14:13.049853,Wireless Earbuds,5,False,Would not recommend,Product broke after 2 weeks of normal use. Customer service unhelpful.,53,amazon
2025-03-02 21:14:13.049863,Wireless Earbuds,5,True,Great quality for the price,Great value for money. Some minor issues but overall satisfied.,26,amazon
2025-02-28 21:14:13.049872,Wireless Earbuds,5,False,Disappointed,Not durable. Material feels cheap. Returning for refund.,44,amazon
2025-02-26 21:14:13.049880,Wireless Earbuds,5,False,Would not recommend,Great value for money. Some minor issues but overall satisfied.,93,amazon
2025-02-24 21:14:13.049888,Wireless Earbuds,5,True,Exceeded expectations,Not durable. Material feels cheap. Returning for refund.,81,amazon
2025-02-22 21:14:13.049896,Wireless Earbuds,5,True,Love this product!,Quality exceeded my expectations. Works exactly as advertised. Fast shipping.,38,amazon
2025-02-20 21:14:13.049904,Wireless Earbuds,5,True,Disappointed,Instructions unclear. Took forever to assemble. Works fine once set up.,37,amazon
2025-02-18 21:14:13.049912,Wireless Earbuds,5,True,Love this product!,Decent product but overpriced for what you get.,83,amazon
2025-02-16 21:14:13.049919,Wireless Earbuds,5,True,Great quality for the price,Decent product but overpriced for what you get.,139,amazon
2025-02-14 21:14:13.049928,Wireless Earbuds,5,False,Love this product!,Love it! Been using for 3 months with no problems.,107,amazon
2025-02-12 21:14:13.049935,Wireless Earbuds,4,True,Love this product!,Product broke after 2 weeks of normal use. Customer service unhelpful.,122,amazon
2025-02-10 21:14:13.049943,Wireless Earbuds,5,False,Good but has some issues,Great value for money. Some minor issues but overall satisfied.,146,amazon
2025-02-08 21:14:13.049951,Wireless Earbuds,4,False,Love this product!,Great value for money. Some minor issues but overall satisfied.,69,amazon
2025-02-06 21:14:13.049962,Wireless Earbuds,4,True,Great quality for the price,Perfect! Exactly what I was looking for. Highly recommend.,147,amazon
2025-02-04 21:14:13.049970,Wireless Earbuds,4,True,Exceeded expectations,Decent product but overpriced for what you get.,5,amazon
2025-02-02 21:14:13.049979,Wireless Earbuds,5,True,Exceeded expectations,Quality exceeded my expectations. Works exactly as advertised. Fast shipping.,46,amazon
2025-01-31 21:14:13.049987,Wireless Earbuds,2,True,Good but has some issues,Decent product but overpriced for what you get.,46,amazon
2025-01-29 21:14:13.049995,Wireless Earbuds,5,True,Not what I expected,Love it! Been using for 3 months with no problems.,54,amazon
2025-01-27 21:14:13.050003,Wireless Earbuds,4,True,Perfect for my needs,Love it! Been using for 3 months with no problems.,20,amazon
2025-01-25 21:14:13.050011,Wireless Earbuds,4,True,Disappointed,Quality exceeded my expectations. Works exactly as advertised. Fast shipping.,53,amazon
2025-01-23 21:14:13.050020,Wireless Earbuds,5,False,Exceeded expectations,Product broke after 2 weeks of normal use. Customer service unhelpful.,138,amazon
2025-01-21 21:14:13.050030,Wireless Earbuds,5,False,Exceeded expectations,Perfect! Exactly what I was looking for. Highly recommend.,37,amazon
2025-01-19 21:14:13.050039,Wireless Earbuds,5,True,Good but has some issues,Decent product but overpriced for what you get.,80,amazon
2025-01-17 21:14:13.050047,Wireless Earbuds,3,False,Exceeded expectations,Perfect! Exactly what I was looking for. Highly recommend.,51,amazon
2025-01-15 21:14:13.050055,Wireless Earbuds,5,True,Good but has some issues,Quality exceeded my expectations. Works exactly as advertised. Fast shipping.,45,amazon
2025-01-13 21:14:13.050063,Wireless Earbuds,5,True,Not what I expected,Perfect! Exactly what I was looking for. Highly recommend.,145,amazon
2025-01-11 21:14:13.050074,Wireless Earbuds,5,True,Not what I expected,Love it! Been using for 3 months with no problems.,65,amazon
2025-01-09 21:14:13.050083,Wireless Earbuds,2,True,Good but has some issues,Instructions unclear. Took forever to assemble. Works fine once set up.,24,amazon
2025-01-07 21:14:13.050092,Wireless Earbuds,4,True,Love this product!,Decent product but overpriced for what you get.,118,amazon
2025-01-05 21:14:13.050101,Wireless Earbuds,5,True,Perfect for my needs,Great value for money. Some minor issues but overall satisfied.,111,amazon
2025-01-03 21:14:13.050109,Wireless Earbuds,4,True,Good but has some issues,Not durable. Material feels cheap. Returning for refund.,33,amazon
2025-01-01 21:14:13.050117,Wireless Earbuds,3,True,Perfect for my needs,Love it! Been using for 3 months with no problems.,134,amazon
2024-12-30 21:14:13.050125,Wireless Earbuds,3,True,Great quality for the price,Decent product but overpriced for what you get.,52,amazon
2024-12-28 21:14:13.050133,Wireless Earbuds,5,True,Great quality for the price,Love it! Been using for 3 months with no problems.,72,amazon
2024-12-26 21:14:13.050144,Wireless Earbuds,4,True,Love this product!,Not durable. Material feels cheap. Returning for refund.,49,amazon
2024-12-24 21:14:13.050152,Wireless Earbuds,5,True,Exceeded expectations,Product broke after 2 weeks of normal use. Customer service unhelpful.,46,amazon
2024-12-22 21:14:13.050160,Wireless Earbuds,5,True,Good but has some issues,Great value for money. Some minor issues but overall satisfied.,88,amazon
2024-12-20 21:14:13.050168,Wireless Earbuds,4,True,Exceeded expectations,Quality exceeded my expectations. Works exactly as advertised. Fast shipping.,11,amazon
2024-12-18 21:14:13.050176,Wireless Earbuds,4,False,Love this product!,Product broke after 2 weeks of normal use. Customer service unhelpful.,104,amazon
2024-12-16 21:14:13.050188,Wireless Earbuds,4,True,Great quality for the price,Quality exceeded my expectations. Works exactly as advertised. Fast shipping.,139,amazon
2024-12-14 21:14:13.050196,Wireless Earbuds,4,False,Good but has some issues,Perfect! Exactly what I was looking for. Highly recommend.,46,amazon
2024-12-12 21:14:13.050205,Wireless Earbuds,5,True,Disappointed,Instructions unclear. Took forever to assemble. Works fine once set up.,55,amazon
2024-12-10 21:14:13.050213,Wireless Earbuds,4,True,Not what I expected,Decent product but overpriced for what you get.,125,amazon
2024-12-08 21:14:13.050221,Wireless Earbuds,5,True,Not what I expected,Love it! Been using for 3 months with no problems.,137,amazon
2024-12-06 21:14:13.050229,Wireless Earbuds,4,True,Not what I expected,Product broke after 2 weeks of normal use. Customer service unhelpful.,141,amazon
2024-12-04 21:14:13.050237,Wireless Earbuds,2,True,Perfect for my needs,Decent product but overpriced for what you get.,94,amazon
2024-12-02 21:14:13.050245,Wireless Earbuds,5,True,Love this product!,Perfect! Exactly what I was looking for. Highly recommend.,57,amazon
2024-11-30 21:14:13.050253,Wireless Earbuds,5,True,Not what I expected,Quality exceeded my expectations. Works exactly as advertised. Fast shipping.,92,amazon
2024-11-28 21:14:13.050261,Wireless Earbuds,5,True,Would not recommend,Product broke after 2 weeks of normal use. Customer service unhelpful.,124,amazon
2024-11-26 21:14:13.050269,Wireless Earbuds,5,True,Perfect for my needs,Product broke after 2 weeks of normal use. Customer service unhelpful.,34,amazon
2024-11-24 21:14:13.050277,Wireless Earbuds,5,True,Perfect for my needs,Love it! Been using for 3 months with no problems.,79,amazon
2024-11-22 21:14:13.050289,Wireless Earbuds,5,True,Would not recommend,Great value for money. Some minor issues but overall satisfied.,34,amazon
2024-11-20 21:14:13.050300,Wireless Earbuds,2,False,Love this product!,Product broke after 2 weeks of normal use. Customer service unhelpful.,60,amazon
2024-11-18 21:14:13.050309,Wireless Earbuds,2,True,Would not recommend,Love it! Been using for 3 months with no problems.,42,amazon
2024-11-16 21:14:13.050317,Wireless Earbuds,5,True,Love this product!,Love it! Been using for 3 months with no problems.,104,amazon
2024-11-14 21:14:13.050325,Wireless Earbuds,2,True,Good but has some issues,Love it! Been using for 3 months with no problems.,142,amazon
2024-11-12 21:14:13.050332,Wireless Earbuds,4,False,Not what I expected,Not durable. Material feels cheap. Returning for refund.,44,amazon
2024-11-10 21:14:13.050340,Wireless Earbuds,5,True,Would not recommend,Love it! Been using for 3 months with no problems.,123,amazon
2024-11-08 21:14:13.050348,Wireless Earbuds,4,True,Not what I expected,Product broke after 2 weeks of normal use. Customer service unhelpful.,139,amazon
2024-11-06 21:14:13.050357,Wireless Earbuds,5,True,Disappointed,Decent product but overpriced for what you get.,54,amazon
2024-11-04 21:14:13.050365,Wireless Earbuds,5,True,Great quality for the price,Great value for money. Some minor issues but overall satisfied.,104,amazon
2024-11-02 21:14:13.050373,Wireless Earbuds,2,True,Good but has some issues,Not durable. Material feels cheap. Returning for refund.,95,amazon
2024-10-31 21:14:13.050380,Wireless Earbuds,5,False,Love this product!,Perfect! Exactly what I was looking for. Highly recommend.,114,amazon
2024-10-29 21:14:13.050388,Wireless Earbuds,4,False,Would not recommend,Not durable. Material feels cheap. Returning for refund.,51,amazon
2024-10-27 21:14:13.050396,Wireless Earbuds,5,True,Not what I expected,Love it! Been using for 3 months with no problems.,99,amazon
2024-10-25 21:14:13.050409,Wireless Earbuds,5,True,Exceeded expectations,Not durable. Material feels cheap. Returning for refund.,0,amazon
2024-10-23 21:14:13.050418,Wireless Earbuds,3,True,Great quality for the price,Instructions unclear. Took forever to assemble. Works fine once set up.,146,amazon
2024-10-21 21:14:13.050427,Wireless Earbuds,4,True,Great quality for the price,Quality exceeded my expectations. Works exactly as advertised. Fast shipping.,72,amazon
2024-10-19 21:14:13.050435,Wireless Earbuds,4,True,Perfect for my needs,Product broke after 2 weeks of normal use. Customer service unhelpful.,141,amazon
2024-10-17 21:14:13.050443,Wireless Earbuds,3,False,Not what I expected,Decent product but overpriced for what you get.,50,amazon
2024-10-15 21:14:13.050451,Wireless Earbuds,3,True,Would not recommend,Not durable. Material feels cheap. Returning for refund.,76,amazon
2024-10-13 21:14:13.050459,Wireless Earbuds,5,True,Exceeded expectations,Product broke after 2 weeks of normal use. Customer service unhelpful.,2,amazon
2024-10-11 21:14:13.050468,Wireless Earbuds,5,True,Disappointed,Quality exceeded my expectations. Works exactly as advertised. Fast shipping.,144,amazon
2024-10-09 21:14:13.050476,Wireless Earbuds,5,True,Perfect for my needs,Not durable. Material feels cheap. Returning for refund.,128,amazon
2024-10-07 21:14:13.050484,Wireless Earbuds,5,True,Love this product!,Perfect! Exactly what I was looking for. Highly recommend.,44,amazon
2024-10-05 21:14:13.050492,Wireless Earbuds,3,True,Love this product!,Instructions unclear. Took forever to assemble. Works fine once set up.,125,amazon
2024-10-03 21:14:13.050500,Wireless Earbuds,4,True,Exceeded expectations,Instructions unclear. Took forever to assemble. Works fine once set up.,99,amazon
2024-10-01 21:14:13.050509,Wireless Earbuds,4,True,Exceeded expectations,Product broke after 2 weeks of normal use. Customer service unhelpful.,140,amazon
2024-09-29 21:14:13.050521,Wireless Earbuds,5,True,Perfect for my needs,Decent product but overpriced for what you get.,61,amazon
2024-09-27 21:14:13.050529,Wireless Earbuds,5,False,Perfect for my needs,Quality exceeded my expectations. Works exactly as advertised. Fast shipping.,6,amazon
2024-09-25 21:14:13.050537,Wireless Earbuds,4,True,Not what I expected,Love it! Been using for 3 months with no problems.,96,amazon
2024-09-23 21:14:13.050545,Wireless Earbuds,3,False,Not what I expected,Decent product but overpriced for what you get.,32,amazon
2024-09-21 21:14:13.050553,Wireless Earbuds,4,True,Perfect for my needs,Great value for money. Some minor issues but overall satisfied.,85,amazon
2024-09-19 21:14:13.050561,Wireless Earbuds,4,True,Not what I expected,Instructions unclear. Took forever to assemble. Works fine once set up.,66,amazon
2024-09-17 21:14:13.050570,Wireless Earbuds,5,True,Good but has some issues,Product broke after 2 weeks of normal use. Customer service unhelpful.,127,amazon
2024-09-15 21:14:13.050578,Wireless Earbuds,2,False,Good but has some issues,Love it! Been using for 3 months with no problems.,55,amazon
2024-09-13 21:14:13.050586,Wireless Earbuds,4,True,Disappointed,Love it! Been using for 3 months with no problems.,30,amazon
2024-09-11 21:14:13.050594,Wireless Earbuds,5,False,Not what I expected,Not durable. Material feels cheap. Returning for refund.,93,amazon
2024-09-09 21:14:13.050602,Wireless Earbuds,2,True,Disappointed,Perfect! Exactly what I was looking for. Highly recommend.,150,amazon
2024-09-07 21:14:13.050610,Wireless Earbuds,4,True,Would not recommend,Great value for money. Some minor issues but overall satisfied.,19,amazon
2024-09-05 21:14:13.050618,Wireless Earbuds,5,True,Great quality for the price,Not durable. Material feels cheap. Returning for refund.,136,amazon
2024-09-03 21:14:13.050630,Wireless Earbuds,4,True,Disappointed,Quality exceeded my expectations. Works exactly as advertised. Fast shipping.,135,amazon
2024-09-01 21:14:13.050638,Wireless Earbuds,5,True,Love this product!,Product broke after 2 weeks of normal use. Customer service unhelpful.,1,amazon
2024-08-30 21:14:13.050646,Wireless Earbuds,5,False,Would not recommend,Decent product but overpriced for what you get.,70,amazon
2024-08-28 21:14:13.050655,Wireless Earbuds,2,True,Good but has some issues,Great value for money. Some minor issues but overall satisfied.,104,amazon
2024-08-26 21:14:13.050664,Wireless Earbuds,5,True,Good but has some issues,Decent product but overpriced for what you get.,53,amazon
2024-08-24 21:14:13.050672,Wireless Earbuds,5,True,Exceeded expectations,Instructions unclear. Took forever to assemble. Works fine once set up.,30,amazon
2024-08-22 21:14:13.050685,Wireless Earbuds,5,True,Perfect for my needs,Perfect! Exactly what I was looking for. Highly recommend.,99,amazon
2024-08-20 21:14:13.050694,Wireless Earbuds,4,True,Great quality for the price,Not durable. Material feels cheap. Returning for refund.,99,amazon
2024-08-18 21:14:13.050703,Wireless Earbuds,5,True,Great quality for the price,Perfect! Exactly what I was looking for. Highly recommend.,50,amazon
2024-08-16 21:14:13.050711,Wireless Earbuds,5,True,Good but has some issues,Product broke after 2 weeks of normal use. Customer service unhelpful.,47,amazon
2024-08-14 21:14:13.050719,Wireless Earbuds,5,False,Love this product!,Perfect! Exactly what I was looking for. Highly recommend.,58,amazon
2024-08-12 21:14:13.050727,Wireless Earbuds,5,True,Great quality for the price,Great value for money. Some minor issues but overall satisfied.,79,amazon
2024-08-10 21:14:13.050735,Wireless Earbuds,5,True,Perfect for my needs,Decent product but overpriced for what you get.,126,amazon
2024-08-08 21:14:13.050747,Wireless Earbuds,5,True,Not what I expected,Perfect! Exactly what I was looking for. Highly recommend.,118,amazon
2024-08-06 21:14:13.050755,Wireless Earbuds,5,True,Good but has some issues,Instructions unclear. Took forever to assemble. Works fine once set up.,35,amazon
2024-08-04 21:14:13.050763,Wireless Earbuds,5,True,Disappointed,Great value for money. Some minor issues but overall satisfied.,57,amazon
2024-08-02 21:14:13.050771,Wireless Earbuds,5,True,Disappointed,Decent product but overpriced for what you get.,82,amazon
2024-07-31 21:14:13.050779,Wireless Earbuds,5,True,Good but has some issues,Quality exceeded my expectations. Works exactly as advertised. Fast shipping.,65,amazon
2024-07-29 21:14:13.050787,Wireless Earbuds,5,False,Not what I expected,Love it! Been using for 3 months with no problems.,13,amazon
2024-07-27 21:14:13.050795,Wireless Earbuds,5,True,Perfect for my needs,Instructions unclear. Took forever to assemble. Works fine once set up.,54,amazon
2024-07-25 21:14:13.050803,Wireless Earbuds,5,True,Disappointed,Instructions unclear. Took forever to assemble. Works fine once set up.,4,amazon
2024-07-23 21:14:13.050811,Wireless Earbuds,4,True,Exceeded expectations,Not durable. Material feels cheap. Returning for refund.,95,amazon
2024-07-21 21:14:13.050819,Wireless Earbuds,5,True,Good but has some issues,Perfect! Exactly what I was looking for. Highly recommend.,51,amazon
2024-07-19 21:14:13.050827,Wireless Earbuds,3,True,Love this product!,Instructions unclear. Took forever to assemble. Works fine once set up.,16,amazon
2024-07-17 21:14:13.050836,Wireless Earbuds,5,True,Great quality for the price,Quality exceeded my expectations. Works exactly as advertised. Fast shipping.,85,amazon
2024-07-15 21:14:13.050844,Wireless Earbuds,5,False,Exceeded expectations,Quality exceeded my expectations. Works exactly as advertised. Fast shipping.,0,amazon
2024-07-13 21:14:13.050855,Wireless Earbuds,4,True,Love this product!,Perfect! Exactly what I was looking for. Highly recommend.,24,amazon
2024-07-11 21:14:13.050863,Wireless Earbuds,5,True,Not what I expected,Decent product but overpriced for what you get.,109,amazon
2024-07-09 21:14:13.050871,Wireless Earbuds,5,False,Perfect for my needs,Decent product but overpriced for what you get.,24,amazon
2024-07-07 21:14:13.050879,Wireless Earbuds,5,True,Would not recommend,Perfect! Exactly what I was looking for. Highly recommend.,135,amazon
2024-07-05 21:14:13.050887,Wireless Earbuds,5,True,Would not recommend,Perfect! Exactly what I was looking for. Highly recommend.,87,amazon
2024-07-03 21:14:13.050895,Wireless Earbuds,5,True,Exceeded expectations,Not durable. Material feels cheap. Returning for refund.,12,amazon
2024-07-01 21:14:13.050903,Wireless Earbuds,5,True,Love this product!,Quality exceeded my expectations. Works exactly as advertised. Fast shipping.,143,amazon
2024-06-29 21:14:13.050910,Wireless Earbuds,5,True,Not what I expected,Quality exceeded my expectations. Works exactly as advertised. Fast shipping.,66,amazon
2024-06-27 21:14:13.050918,Wireless Earbuds,5,True,Not what I expected,Great value for money. Some minor issues but overall satisfied.,37,amazon
2024-06-25 21:14:13.050926,Wireless Earbuds,5,False,Not what I expected,Instructions unclear. Took forever to assemble. Works fine once set up.,125,amazon
2024-06-23 21:14:13.050935,Wireless Earbuds,5,True,Would not recommend,Not durable. Material feels cheap. Returning for refund.,89,amazon
2024-06-21 21:14:13.050943,Wireless Earbuds,2,True,Disappointed,Decent product but overpriced for what you get.,144,amazon
2024-06-19 21:14:13.050952,Wireless Earbuds,5,True,Good but has some issues,Quality exceeded my expectations. Works exactly as advertised. Fast shipping.,15,amazon
2024-06-17 21:14:13.050963,Wireless Earbuds,5,True,Exceeded expectations,Instructions unclear. Took forever to assemble. Works fine once set up.,61,amazon
2024-06-15 21:14:13.050970,Wireless Earbuds,5,False,Great quality for the price,Instructions unclear. Took forever to assemble. Works fine once set up.,19,amazon
2024-06-13 21:14:13.050979,Wireless Earbuds,4,True,Disappointed,Product broke after 2 weeks of normal use. Customer service unhelpful.,81,amazon
2024-06-11 21:14:13.050986,Wireless Earbuds,3,False,Love this product!,Not durable. Material feels cheap. Returning for refund.,100,amazon
2024-06-09 21:14:13.050995,Wireless Earbuds,3,True,Great quality for the price,Product broke after 2 weeks of normal use. Customer service unhelpful.,146,amazon
2024-06-07 21:14:13.051007,Wireless Earbuds,5,True,Not what I expected,Love it! Been using for 3 months with no problems.,138,amazon
2024-06-05 21:14:13.051014,Wireless Earbuds,5,True,Perfect for my needs,Product broke after 2 weeks of normal use. Customer service unhelpful.,131,amazon
2024-06-03 21:14:13.051022,Wireless Earbuds,5,False,Disappointed,Not durable. Material feels cheap. Returning for refund.,77,amazon
2024-06-01 21:14:13.051030,Wireless Earbuds,4,True,Exceeded expectations,Product broke after 2 weeks of normal use. Customer service unhelpful.,95,amazon
2024-05-30 21:14:13.051038,Wireless Earbuds,3,True,Not what I expected,Perfect! Exactly what I was looking for. Highly recommend.,140,amazon
2024-05-28 21:14:13.051046,Wireless Earbuds,5,True,Not what I expected,Instructions unclear. Took forever to assemble. Works fine once set up.,125,amazon
2024-05-26 21:14:13.051054,Wireless Earbuds,5,True,Perfect for my needs,Perfect! Exactly what I was looking for. Highly recommend.,54,amazon
2024-05-24 21:14:13.051063,Wireless Earbuds,5,True,Love this product!,Perfect! Exactly what I was looking for. Highly recommend.,14,amazon
2024-05-22 21:14:13.051074,Wireless Earbuds,3,True,Not what I expected,Love it! Been using for 3 months with no problems.,20,amazon
2024-05-20 21:14:13.051083,Wireless Earbuds,3,False,Good but has some issues,Decent product but overpriced for what you get.,32,amazon
2024-05-18 21:14:13.051091,Wireless Earbuds,5,False,Not what I expected,Great value for money. Some minor issues but overall satisfied.,85,amazon
2024-05-16 21:14:13.051099,Wireless Earbuds,5,True,Disappointed,Perfect! Exactly what I was looking for. Highly recommend.,71,amazon
2024-05-14 21:14:13.051107,Wireless Earbuds,3,True,Not what I expected,Not durable. Material feels cheap. Returning for refund.,89,amazon
2024-05-12 21:14:13.051116,Wireless Earbuds,4,True,Exceeded expectations,Instructions unclear. Took forever to assemble. Works fine once set up.,80,amazon
2024-05-10 21:14:13.051124,Wireless Earbuds,4,False,Perfect for my needs,Great value for money. Some minor issues but overall satisfied.,93,amazon
2024-05-08 21:14:13.051132,Wireless Earbuds,4,False,Great quality for the price,Not durable. Material feels cheap. Returning for refund.,99,amazon
2024-05-06 21:14:13.051140,Wireless Earbuds,2,True,Good but has some issues,Instructions unclear. Took forever to assemble. Works fine once set up.,95,amazon
2024-05-04 21:14:13.051149,Wireless Earbuds,4,False,Exceeded expectations,Perfect! Exactly what I was looking for. Highly recommend.,104,amazon
2024-05-02 21:14:13.051157,Wireless Earbuds,4,True,Would not recommend,Quality exceeded my expectations. Works exactly as advertised. Fast shipping.,98,amazon
2024-04-30 21:14:13.051166,Wireless Earbuds,4,False,Exceeded expectations,Quality exceeded my expectations. Works exactly as advertised. Fast shipping.,77,amazon
2024-04-28 21:14:13.051175,Wireless Earbuds,5,True,Would not recommend,Not durable. Material feels cheap. Returning for refund.,109,amazon
2024-04-26 21:14:13.051186,Wireless Earbuds,5,True,Perfect for my needs,Great value for money. Some minor issues but overall satisfied.,129,amazon
2024-04-24 21:14:13.051194,Wireless Earbuds,3,False,Exceeded expectations,Love it! Been using for 3 months with no problems.,18,amazon
2024-04-22 21:14:13.051202,Wireless Earbuds,2,True,Perfect for my needs,Instructions unclear. Took forever to assemble. Works fine once set up.,123,amazon
2024-04-20 21:14:13.051211,Wireless Earbuds,5,True,Perfect for my needs,Decent product but overpriced for what you get.,12,amazon
2024-04-18 21:14:13.051224,Wireless Earbuds,5,True,Perfect for my needs,Decent product but overpriced for what you get.,25,amazon
2024-04-16 21:14:13.051234,Wireless Earbuds,5,True,Would not recommend,Great value for money. Some minor issues but overall satisfied.,44,amazon
2024-04-14 21:14:13.051242,Wireless Earbuds,5,True,Exceeded expectations,Instructions unclear. Took forever to assemble. Works fine once set up.,101,amazon
2024-04-12 21:14:13.051250,Wireless Earbuds,5,False,Perfect for my needs,Decent product but overpriced for what you get.,38,amazon
2024-04-10 21:14:13.051257,Wireless Earbuds,5,True,Exceeded expectations,Product broke after 2 weeks of normal use. Customer service unhelpful.,16,amazon
2024-04-08 21:14:13.051266,Wireless Earbuds,5,False,Disappointed,Decent product but overpriced for what you get.,65,amazon
2024-04-06 21:14:13.051273,Wireless Earbuds,5,True,Would not recommend,Love it! Been using for 3 months with no problems.,23,amazon
2024-04-04 21:14:13.051281,Wireless Earbuds,3,True,Love this product!,Perfect! Exactly what I was looking for. Highly recommend.,54,amazon
2024-04-02 21:14:13.051290,Wireless Earbuds,5,True,Good but has some issues,Quality exceeded my expectations. Works exactly as advertised. Fast shipping.,37,amazon
2024-03-31 21:14:13.051301,Wireless Earbuds,4,True,Love this product!,Not durable. Material feels cheap. Returning for refund.,79,amazon
2024-03-29 21:14:13.051309,Wireless Earbuds,5,False,Love this product!,Instructions unclear. Took forever to assemble. Works fine once set up.,104,amazon
2024-03-27 21:14:13.051317,Wireless Earbuds,5,True,Love this product!,Love it! Been using for 3 months with no problems.,51,amazon
2024-03-25 21:14:13.051325,Wireless Earbuds,2,False,Would not recommend,Instructions unclear. Took forever to assemble. Works fine once set up.,86,amazon
2024-03-23 21:14:13.051333,Wireless Earbuds,5,True,Would not recommend,Instructions unclear. Took forever to assemble. Works fine once set up.,4,amazon
2024-03-21 21:14:13.051341,Wireless Earbuds,5,True,Perfect for my needs,Instructions unclear. Took forever to assemble. Works fine once set up.,142,amazon
2024-03-19 21:14:13.051349,Wireless Earbuds,4,True,Love this product!,Instructions unclear. Took forever to assemble. Works fine once set up.,35,amazon
2024-03-17 21:14:13.051357,Wireless Earbuds,5,True,Perfect for my needs,Instructions unclear. Took forever to assemble. Works fine once set up.,18,amazon
2024-03-15 21:14:13.051365,Wireless Earbuds,5,True,Disappointed,Perfect! Exactly what I was looking for. Highly recommend.,98,amazon
2024-03-13 21:14:13.051374,Wireless Earbuds,4,True,Love this product!,Product broke after 2 weeks of normal use. Customer service unhelpful.,82,amazon
2024-03-11 21:14:13.051382,Wireless Earbuds,4,True,Love this product!,Instructions unclear. Took forever to assemble. Works fine once set up.,17,amazon
2024-03-09 21:14:13.051391,Wireless Earbuds,3,True,Would not recommend,Love it! Been using for 3 months with no problems.,129,amazon
2024-03-07 21:14:13.051398,Wireless Earbuds,4,True,Exceeded expectations,Product broke after 2 weeks of normal use. Customer service unhelpful.,141,amazon
2024-03-05 21:14:13.051410,Wireless Earbuds,5,False,Disappointed,Great value for money. Some minor issues but overall satisfied.,89,amazon
2024-03-03 21:14:13.051418,Wireless Earbuds,3,False,Not what I expected,Product broke after 2 weeks of normal use. Customer service unhelpful.,88,amazon
2024-03-01 21:14:13.051426,Wireless Earbuds,5,True,Would not recommend,Decent product but overpriced for what you get.,101,amazon
2024-02-28 21:14:13.051433,Wireless Earbuds,4,True,Love this product!,Great value for money. Some minor issues but overall satisfied.,136,amazon
2024-02-26 21:14:13.051442,Wireless Earbuds,4,True,Good but has some issues,Decent product but overpriced for what you get.,114,amazon
2024-02-24 21:14:13.051450,Wireless Earbuds,5,True,Love this product!,Perfect! Exactly what I was looking for. Highly recommend.,36,amazon
2024-02-22 21:14:13.051458,Wireless Earbuds,2,True,Disappointed,Love it! Been using for 3 months with no problems.,128,amazon
2024-02-20 21:14:13.051467,Wireless Earbuds,5,True,Good but has some issues,Instructions unclear. Took forever to assemble. Works fine once set up.,62,amazon
2024-02-18 21:14:13.051475,Wireless Earbuds,4,True,Exceeded expectations,Perfect! Exactly what I was looking for. Highly recommend.,3,amazon
2024-02-16 21:14:13.051483,Wireless Earbuds,5,False,Great quality for the price,Perfect! Exactly what I was looking for. Highly recommend.,77,amazon
