id,subreddit,title,selftext,author,permalink,created_iso,category,budget_usd,email,discord,telegram
1myqtl2,forhire,[Hiring] fullstack dev w/ extensive python knowledge,"Hey everyone! ğŸ‘‹ 

I need help finding a fullstack developer for some ongoing projects. Nothing too crazy, just simple to moderate stuff that's perfect if you like working on milestones rather than being tied down to one gig.

**What I need:**
- Strong Python skills (this is a must-have)
- Fullstack experience (you know both frontend and backend)
- Decent setup: Windows 11 + GTX 1070 or better
- Good internet and English communication

**What's in it for you:**
- Milestone-based pay (get paid per project completion)
- Flexible schedule - work when you want
- Fully remote
- Simple projects, nothing overwhelming

**If you're interested, just drop me:**
- Your Python/fullstack experience 
- Confirmation you've got the hardware specs
- Some examples of your work or portfolio

Hit me up if this sounds like something you'd be into!",greenjacket_nomad,https://www.reddit.com/r/forhire/comments/1myqtl2/hiring_fullstack_dev_w_extensive_python_knowledge/,2025-08-24T09:10:11+00:00,general,11,,,
1myqb0e,forhire,[HIRING] [REMOTE] - Games Expert; $25-$50 USD/hr,"We're Hiring Talented Experienced Game Professional

**Key Responsibilities**

* Create and assess complex problems and tasks in gaming, including game mechanics, player strategies, and community practices
* Evaluate AI-generated outputs for accuracy, logical consistency, and relevance to real-world gaming experiences
* Provide clear written feedback on game-related content and problem sets

**Ideal Qualifications**

* Deep personal or professional experience with games as a hobby or industry, including video games, tabletop games, or related gaming communities
* Strong knowledge of gameplay strategies, mechanics, and consumer gaming culture
* Exceptional written and verbal communication skills
* Strong attention to detail and analytical thinking
* Prior experience in gaming content creation, community engagement, or related fields is a plus

  
If you meet the requirements and areÂ **SERIOUS**Â on this and ready to get to work,Â **DM us and mention the job title so we know you really read the post.**

An upvote or share would help this reach more talented professionals who might be interested.",Stunning_Sherbert910,https://www.reddit.com/r/forhire/comments/1myqb0e/hiring_remote_games_expert_2550_usdhr/,2025-08-24T08:37:19+00:00,general,25,,,
1myq3kf,forhire,[Hiring] FULL-TIME OR PART-TIME JOB VACANCY!!! ğŸš¨,"ğŸš¨ FULL-TIME OR PART-TIME JOB VACANCY!!! ğŸš¨

ğŸ’° DAILY PAY!!! ğŸ’°

Looking for flexible remote work? Join us and start earning daily with no experience required!

We provide one-on-one guidance to help you succeed.

Job Details:

âœ… Virtual Assistant

âœ… Salary: $110 - $150 per day

âœ… Bonus: $30 every two weeks for good performance

âœ… Requirements: Age 20+ &amp; basic English skills

Take control of your income today!

Interested? Contact us now through WhatsApp +1 (570) 316-9288",Dangerous_Cup6880,https://www.reddit.com/r/forhire/comments/1myq3kf/hiring_fulltime_or_parttime_job_vacancy/,2025-08-24T08:23:37+00:00,general,110,,,
1mypnye,forhire,"[FOR HIRE] Custom Instrumentals â€“ Any Genre (Lo-fi, HyperPop, EDM, Rock &amp; more)","Hey! I produce **custom instrumental tracks,** anything from chill Lo-fi beats to hard-hitting EDM drops to experimental HyperPop. If you need music for a game, video, or just something to vibe to, I can make it happen.

**Hear My Work:** [Demo Music](https://drive.google.com/file/d/15UUPojD4oOj9ROv8tHZ63N_fppg8hCyL/view?usp=sharing)  
**Pricing:** $15 per track (bulk orders $12 each, 5+)  
**Why me?** Years of production experience + ghost production option (100% yours). I am also a musician myself.

ğŸ“© DM here or Discord: edgarb0i",Bid_Ur,https://www.reddit.com/r/forhire/comments/1mypnye/for_hire_custom_instrumentals_any_genre_lofi/,2025-08-24T07:55:53+00:00,general,15,,Discord: edgarb0i,
1mypnvj,forhire,[Hiring] Commission Based Sales Closer ( 20% - 30% ) Way Better Deal Than $15/hr,"ğŸš€ Hiring Commission-Only Sales Representatives ğŸš€
We are looking for motivated sales representatives to help us sell our aggregated fitness insights report &amp; dataset.
âœ… Commission Only (30% â€“ 40%) â€“ no fixed salary
âœ… Unlimited Earning Potential â€“ the more you sell, the more you make
âœ… Autonomy â€“ you handle your own outreach, calls, follow-ups, and closing. I will not be involved in the sales process.
âœ… Digital Product â€“ no shipping, easy to deliver to clients worldwide
ğŸ’° Example: If you close a $1,000 sale, you earn $300 â€“ $400 directly.
What We Provide:
Ready-to-sell professional dataset report
Pricing sheet &amp; product info
Commission tracking system
What You Do:
Find and approach potential buyers (companies, agencies, professionals)
Manage outreach, pitching, and closing on your own
Send me proof of sale â†’ Get paid commission
ğŸ‘‰ If youâ€™re confident in your sales ability and want to work fully on commission, comment below or DM me.
âš¡ Limited openings â€“ looking for serious salespeople only.",Manav555555,https://www.reddit.com/r/forhire/comments/1mypnvj/hiring_commission_based_sales_closer_20_30_way/,2025-08-24T07:55:44+00:00,general,20,,,
1mylnnf,forhire,[Hiring] Earn up to $1000,"Hi guys!! We are hiring!!! 

ğŸ”¥ğŸ’¥35k up to 60k basic salary

ğŸ”¥ğŸ’¥Onsite (McKinley) training then hybrid WFH after (1-3 days a week depends on your performance) 

ğŸ”¥ğŸ’¥WE NEED PEOPLE WITH RETIREMENT EXPERIENCE (huge advantage if it's a 401k/403b experience) 

ğŸ”¥ğŸ’¥Blended account (80% email 20% calls) 

START DATE: September 2025

ğŸ”¥ğŸ’¥Company name: Cognizant (You know how good this company is ğŸ˜‰) 

?Pleases PM me if interestedğŸš©

âœ”Once I reffer you, I'll email you for further assistance ğŸ¥°",Icy-Dark-6729,https://www.reddit.com/r/forhire/comments/1mylnnf/hiring_earn_up_to_1000/,2025-08-24T03:56:30+00:00,general,1000,,,
1myk6fi,forhire,[Hiring] Photoshop experts $30 - $45/hr,Dm for details.,Glum-Common-3269,https://www.reddit.com/r/forhire/comments/1myk6fi/hiring_photoshop_experts_30_45hr/,2025-08-24T02:36:18+00:00,general,30,,,
1myifik,forhire,[Hiring]: Rust Thumbnails / 3D / Blender artist,"I need someone that can use blender or whatever 3D software to take screenshots/make pictures of a specific Rust character with a specific set of skins in different poses. Budget 15$/hr.

DM me.",Ralero,https://www.reddit.com/r/forhire/comments/1myifik/hiring_rust_thumbnails_3d_blender_artist/,2025-08-24T01:07:06+00:00,design,15,,,
1myek3r,forhire,"[For Hire] Over 14 years of experience in federal, military, and civilian roles with a focus on people, operations, compliance, and logistics - $30","* Leadership and Personnel ManagementÂ â€” 14+ years managing teams of 100 to 300 people, mentoring leaders, and overseeing retention and transitions
* Compliance and Regulatory ProgramsÂ â€” 12+ years ensuring audit readiness, enforcing safety standards, and maintaining regulatory alignment
* Operations and Logistics ManagementÂ â€” 12+ years coordinating high-volume workflows, property movement, and mission-critical logistics
* Human Resources and Workforce DevelopmentÂ â€” 10+ years managing staffing, onboarding, training, scheduling, and employee retention
* Training, Mentorship, and CoachingÂ â€” 10+ years developing leaders, delivering training programs, and guiding staff through career growth
* Administrative and Program SupportÂ â€” 10+ years managing certifications, documentation, and supporting large-scale programs
* Inventory Control and Process ImprovementÂ â€” 8+ years overseeing property, equipment, and inventory systems while streamlining processes
* Community Outreach and EngagementÂ â€” 8+ years planning events, coordinating with communities, and supporting public initiatives
* Data Management and ReportingÂ â€” 8+ years tracking high-volume data, creating reporting systems, and ensuring accuracy in decision support

**Looking to be part of a startup or project that makes a positive impact. Iâ€™m open to different ideas, willing to put in the work, and happy to support where needed.**",JohnHope316,https://www.reddit.com/r/forhire/comments/1myek3r/for_hire_over_14_years_of_experience_in_federal/,2025-08-23T22:09:04+00:00,general,14,,,
1mycwlg,forhire,"[FOR HIRE] Web Developer Open For Work - NextJs, Wordpress, WooCommerce &amp; Shopify","**Hi, Iâ€™m a Web Developer with 6+ years of experience**Â delivering fast, scalable, and user-friendly websites and applications. Iâ€™ve worked with startups, agencies, and enterprises, helping them launch products, grow online, and streamline operations.

**- Skills &amp; Expertise**

* WordPress, WooCommerce, Shopify
* PHP, Laravel, React.js, Vue
* Stripe, PayPal, and custom payment integrations

**- My Services**

* Custom website &amp; application development
* E-commerce solutions (WooCommerce &amp; Shopify)
* SaaS dashboards &amp; API integrations
* Payment gateway setup (Stripe, PayPal, subscriptions)
* Support, maintenance, bug fixing, and product uploads

I focus on writing clean, maintainable code and delivering projects on time, ensuring every solution is optimized for performance and growth.

**Email:**Â [marsh.biz@yahoo.com](mailto:marsh.biz@yahoo.com)

**Portfolio:** [behance.net/kipruto](http://behance.net/kipruto)",Marshall_KE,https://www.reddit.com/r/forhire/comments/1mycwlg/for_hire_web_developer_open_for_work_nextjs/,2025-08-23T21:00:25+00:00,data entry,6,marsh.biz@yahoo.com,,
1myclhl,forhire,[For Hire] I'll do UI/UX Design for your Web/Mobile Application,"I'm a Figma UI/UX Designer with 5 years of experience creating stunning user interfaces. Open for projects of any kind.

For designs that are visually appealing and user-friendly, check out my portfolio: [zaki.craft.me/Portfolio](https://zaki.craft.me/Portfolio)  
Rate: $15/hr

Cheers!",MozLondon,https://www.reddit.com/r/forhire/comments/1myclhl/for_hire_ill_do_uiux_design_for_your_webmobile/,2025-08-23T20:47:33+00:00,design,5,,,t.me/Portfolio
1mybccb,forhire,[Hiring] Outreach Expert and sales navigator,"Searching for outreach expert that can close deals too.

Budget :

Commission for every client.",Eastern_Document1235,https://www.reddit.com/r/forhire/comments/1mybccb/hiring_outreach_expert_and_sales_navigator/,2025-08-23T19:57:11+00:00,general,,,,
1mya70a,forhire,[HIRING] Photoshop Expert | Remote Work | Earn $45/Hour | $3000+/Month,"**Key Responsibilities**

* Design/ create imaginative visual scenarios
* Create high-quality Photoshop images to represent those scenarios
* Write concise descriptions for each visual submission
* Follow detailed formatting, file naming, and submission guidelines
* Provide feedback and iterate on creative direction when needed

**Ideal Qualifications**

* Proven experience on creative projects involving both concept development and digital editing
* Expert proficiency with Adobe Photoshop and image composition techniques
* Strong written communication skills for scenario descriptions and documentation
* Ability to follow structured workflows while bringing creative originality
* Effective communicator and self-starter, comfortable working with minimal oversight

**More About the Opportunity**

* Remote and asynchronous â€” work on your own time
* Expected commitment: \~20 hours/week (up to 40 hours/ week)

**Compensation &amp; Contract Terms**

* $45/hour
* Youâ€™ll be classified as an independent contractor",UNIQUE-ART-,https://www.reddit.com/r/forhire/comments/1mya70a/hiring_photoshop_expert_remote_work_earn_45hour/,2025-08-23T19:11:22+00:00,writing,45,,,
1my9tum,forhire,[Hiring] Looking for a graphics designer ($250-$500),"We are looking for employees to work from home as data entry clerk, part-time or full time. Working hours are flexible and training is provided

Must read and write basic English

Ideal for new mothers, retirees or anyone looking for a side job. If anyone is interested (PLEASE PM) Or apply on whatsap+1 (531) 275-7325",ComplexInstance7479,https://www.reddit.com/r/forhire/comments/1my9tum/hiring_looking_for_a_graphics_designer_250500/,2025-08-23T18:57:21+00:00,data entry,250,,,
1my9akm,forhire,[Hiring] Experienced 2d music video animator,"Looking for a 2d animator who has experience in music videos.
Only contact if you have experience and message me with your previous works (skilled work).
Rate : $8-10/min (Based on your work).",AR3MIS_Anant_OP,https://www.reddit.com/r/forhire/comments/1my9akm/hiring_experienced_2d_music_video_animator/,2025-08-23T18:36:35+00:00,general,8,,,
1my92q0,forhire,[HIRING] Affiliate Marketers to Promote Weight Loss Digital Product (50% Commission),"Hi everyone ğŸ‘‹

Iâ€™m looking for motivated affiliate marketers who can help promote a **digital weight loss program**.

**Whatâ€™s in it for you?**

* ğŸ’° **50% commission per sale** (average $10 per sale)
* ğŸ“ˆ Unlimited earning potential (recurring traffic = recurring sales)
* ğŸ’µ Fast payouts via PayPal/Payoneer

**About the product:**  
Itâ€™s a **belly fat loss digital program**, beginner-friendly, and hosted on **Gumroad**. Conversions are already proven.

**Who Iâ€™m looking for:**

* People with experience in affiliate marketing, social media promotion, or content creation.
* Beginners are also welcome if youâ€™re willing to put in effort (Iâ€™ll give you marketing creatives).

ğŸ“© If youâ€™re interested, DM me and Iâ€™ll send you the affiliate signup link + full details.",Riyad_Marketing,https://www.reddit.com/r/forhire/comments/1my92q0/hiring_affiliate_marketers_to_promote_weight_loss/,2025-08-23T18:28:00+00:00,writing,50,,,
1my8t6h,forhire,[FOR HIRE] Anime Characters / Fantasy / RPG / Semi-Realistic Furry / 2D / Illustration,"\[1 slot open\]

Thematic discounts are back, Halloween and Tieflings! Character must be visibly fitting to the aesthetic of the theme for the discount (20%) to be valid. Check guidelines pinned on my profile. Thematic discounts for the next 3 months, probably be up until Halloween 10/31\~

Â Price lists included on the last images. MID color type commissions are most recommended!  
  
\--------

Pass the banners to the side to check prices listed by cut. Please contact me via Discord, Reddit chats have not been delivering messages timely D:

Please read the Terms of Service in advance: [https://www.deviantart.com/xxokami357xx/journal/Terms-Of-Service-Venaryen-891362249](https://www.deviantart.com/xxokami357xx/journal/Terms-Of-Service-Venaryen-891362249)

Check PORTFOLIO:  
[https://venaryencommission.wixsite.com/venaryen](https://venaryencommission.wixsite.com/venaryen)

[https://venaryenart.carrd.co](https://venaryenart.carrd.co)

[https://cara.app/venaryenart](https://cara.app/venaryenart)

Prices can go higher if alterations on later stages are required, all explained on my T.O.S.  
Clients recieve images without watermarks.  
Not selling anything in physical media at the moment, no commercial use art either.

Check my profile for info  
Send a message! :)  
Discord: Venaryen#3233",Venaryen,https://www.reddit.com/r/forhire/comments/1my8t6h/for_hire_anime_characters_fantasy_rpg/,2025-08-23T18:17:26+00:00,design,1,,Discord: Venaryen#3233,
1my8epy,forhire,[for hire] I'll manage your social media page for 150$/month,"I currently manage a social media account with 240K followers on Instagram and 330K+ on TikTok all grown organically, no bots or paid ads.

Hereâ€™s what I offer:

â€¢ Posting &amp; scheduling
â€¢ Caption writing + smart hashtag usage
â€¢ Handling DMs, comments, and replies
â€¢ Account optimization
â€¢ Niche-specific creative content ideas
â€¢ Engagement with audience 

If youâ€™re looking for a reliable manager to handle your content, DM me",Stupendously_goated,https://www.reddit.com/r/forhire/comments/1my8epy/for_hire_ill_manage_your_social_media_page_for/,2025-08-23T18:02:07+00:00,writing,150,,,
1my77nt,forhire,[for hire] You're MISSING OUT on digital presence in 2025- I'll fix it!,"# Hi! I'm Shreya, a girl who's passionate about AI content creation and digital marketing.

Over the years, I've helped several businesses establish a great online presence by posting content on instagram and youtube, and by creating websites and writing educational blogs on them. With AI, my skills and portfolio have evolved to include AI content creation, and I'm confident that I'm the best at my niche. $15/hr or per project- any payment method we agree on works :)  
  
Keeping this message short because I'd love to discuss more on a quick Google Meet.

\-Shreya",Small-Song4337,https://www.reddit.com/r/forhire/comments/1my77nt/for_hire_youre_missing_out_on_digital_presence_in/,2025-08-23T17:17:06+00:00,writing,2025,,,
1my6qua,forhire,ğŸ“¢ [Hiring] Elite AI/Manual Appointment Setters (Remote and 300 dollars starting salary),"Weâ€™re building a small team of world-class appointment setters for a fast-growing agency.

ğŸ”¹ The work:

Use AI-powered tools/manual methods + proven systems

Generate &amp; book qualified appointments (B2B niches)

Report daily KPIs inside a private accountability community


ğŸ”¹ What weâ€™re looking for:

2+ years of experience in lead generation / appointment setting

Proven results booking 20+ qualified calls per month

Disciplined executors (no excuses, no laziness)

Already familiar with AI tools (Apollo, LinkedIn Navigator, CRMs, etc.)


ğŸ”¹ Compensation &amp; Standards:

Base pay starts at $300/month

Performance bonuses for exceeding targets

Clear accountability: missed/disqualified calls reduce pay


Weâ€™re only bringing on 15 people. This is not for beginners â€” only serious setters who can deliver.

ğŸ‘‰ If youâ€™re interested, DM me with:

Your experience (in years)

Tools you use

Best month youâ€™ve ever had (appointments booked)


Iâ€™ll reply with the application link if you seem like a good fit.",Infinite-Series-9015,https://www.reddit.com/r/forhire/comments/1my6qua/hiring_elite_aimanual_appointment_setters_remote/,2025-08-23T16:59:16+00:00,general,300,,,
1my6mwp,forhire,[Hiring] Looking for a graphics designer ($250-$500),"Hello all, I am looking to hire a graphic designer to create images of my digital product that I can use on my Gumttoad product page. My digital product is a budget &amp; I would someone to use the budget as a template &amp; create marketing materials based on the budget. Thank you.",TehM0C,https://www.reddit.com/r/forhire/comments/1my6mwp/hiring_looking_for_a_graphics_designer_250500/,2025-08-23T16:54:57+00:00,general,250,,,
1my49xl,forhire,[Hiring] (Remote) Android Firmware/Hardware Engineer â€“ Wearable,"**Job Title:** Android Firmware/Hardware Engineer â€“ Wearable (Paid Role)

Budget range: $50â€“$130/hr (DOEâ€”depending on demonstrated experience in embedded OS bring-up and wireless firmware integration).

**About Us**  
Weâ€™re a Denver/LA based early-stage team developing a next-generation wearable device. The details are still under wraps, but the work involves custom hardware with an OS layer â€” early research points to Android, though other embedded platforms remain on the table.

**Role**  
We are hiring an engineer with experience in **Android firmware and hardware integration**, with flexibility to evaluate alternative hardware/software stacks. You will help bring up the OS on a custom platform and ensure smooth integration of core features.

**Responsibilities**

* Develop and customize Android system builds (or alternative OS stacks) for hardware prototypes
* Work with board bring-up, drivers, and hardware debugging
* Integrate displays, audio, sensors, and wireless modules
* Collaborate with app developers to ensure system-level functionality

**Qualifications**

* Proven experience with Android AOSP, device trees, and kernel-level development
* Background in embedded Linux and ARM-based SoCs
* Strong debugging skills for hardware/software integration
* Wireless data transfer (Bluetooth, Wi-Fi, etc.) experience is highly valued
* Bonus: prior work on wearables or consumer electronics
* Bonus: Android app development experience (Kotlin/Java)

**Details**

* **This is a paid position**
* Contract or project-based to start, with potential for expansion
* Remote collaboration possible",Avant_Horizon,https://www.reddit.com/r/forhire/comments/1my49xl/hiring_remote_android_firmwarehardware_engineer/,2025-08-23T15:23:09+00:00,writing,50,,,
1my2x7k,forhire,[HIRING] Customer Service Representative,"We are currently looking for dedicated, enthusiastic, and customer-focused individuals to join our growing remote team asÂ **Customer Service Representatives**. This role is ideal for candidates who enjoy helping people, have good communication skills, and are eager to learn and grow in a supportive work environment. you must be in Canada, US.

**Key Responsibilities:**

* Respond to customer inquiries via phone, email, and chat in a professional and timely manner.
* Assist customers with orders, account questions, and troubleshooting product or service issues.
* Provide accurate information and resolve complaints with patience and empathy.
* Maintain detailed and organized records of customer interactions.
* Collaborate with team members and supervisors to improve service quality.

**Requirements:**

* Strong communication and problem-solving skills.
* Ability to work independently and manage time effectively in a remote setting.
* Basic computer skills and stable internet connection.
* Previous customer service experience is a plus but not required â€“ training will be provided.

**What We Offer:**

* Flexible schedules (full-time and part-time options available).
* Competitive pay with opportunities for performance-based bonuses.
* Career growth and development opportunities within the company.
* A supportive and friendly remote work environment.

If you are passionate about delivering excellent customer service and want to build a rewarding career from home, we would love to hear from you.

ğŸ“©Â **Apply today and join our remote team! apply via WhatsApp +1 (812) 560-9311**",peterson912jack,https://www.reddit.com/r/forhire/comments/1my2x7k/hiring_customer_service_representative/,2025-08-23T14:28:32+00:00,writing,1,,,
1my28ap,forhire,[HIRING] Looking for a UI/UX Designer to Join Our (Validated) Startup Journey,"Hey everyone,

Weâ€™re buildingÂ **Pick and Partner**, a platform that helps newsletter creators connect and cross-promote with each other. The idea is simple: instead of struggling alone to grow, creators can find partners in their niche and grow together.

Right now:

* We haveÂ **\~30 active users**Â already trying the idea.
* AroundÂ **80+ people have shown interest**Â in using it.
* The idea isÂ **validated,**Â people want this.

Weâ€™re now going all in to build Pick and Partner into a full product. The backend and core functionality are already in place, but weâ€™re missing one critical piece:Â **a great design.**

Thatâ€™s where you come in.

Weâ€™re looking for aÂ **UI/UX designer**Â who can help us create a clean, intuitive, and professional experience for creators. Someone who can shape the productâ€™s look and feel as we scale.

If you love designing products from the ground up, this is a chance to work on something thatâ€™s already proven and about to grow fast.

Drop a comment or DM if youâ€™re interested, weâ€™d love to chat!

Budget: $100+ (grows even higher, depending on the quality of work)",Ok_Question_9555,https://www.reddit.com/r/forhire/comments/1my28ap/hiring_looking_for_a_uiux_designer_to_join_our/,2025-08-23T14:00:25+00:00,writing,30,,,
1my1el9,forhire,[Hiring] Easy USPS Drop-Offs â€“ $20 per trip + bonuses,"Hi!

I run a small business selling handmade decorative items from Greece. To reduce international shipping costs, Iâ€™m looking for a reliable person in the US to help with simple USPS drop-offs.

ğŸ“¦ What you do:

Once or twice per week, youâ€™ll receive a box from me with several pre-packed decorative items.

Every parcel already has a prepaid USPS shipping label attached.

Your only task is to drop them off at your local USPS office.


ğŸ’° Payment:

$20 flat per trip (for up to 15 parcels).

+$1 for every extra parcel above 15.

Paid via PayPal, Venmo, or Zelle right after each drop-off.


â± Time required:

About 30â€“60 minutes per trip.

Super easy side income â€“ no packing, no printing, no handling payments.


âœ… Requirements:

Located in the US, preferably near a USPS office.

Reliable and communicative (basic texting/email).


If interested, please DM me with your location and a short intro about yourself.",statuesworkshop,https://www.reddit.com/r/forhire/comments/1my1el9/hiring_easy_usps_dropoffs_20_per_trip_bonuses/,2025-08-23T13:25:28+00:00,writing,20,,,
1my13yj,forhire,[FOR HIRE] Looking for a writer? Hire me! $15/hr,"Hi, I'm Ambika!
I'm a ghostwriter who loves writing. Iâ€™ve written both fiction and non-fiction like blog posts, short stories, and books. I can help you turn your ideas into clear, creative, and original writing.

ğŸ”— My blog: https://4wwwambikablogs.wordpress.com/
ğŸ“– My short story on Amazon: The Man with the Turned Neck â€“ https://www.amazon.in/dp/B0DQPYNRHN

What I can do for you:
â€¢ Write blog posts, stories, books, and articles
â€¢ Research, write non-fiction content and Research papers
â€¢ Tell creative stories in any genre
â€¢ Match your tone (formal or casual)
â€¢ All writing is 100% human (no AI)
â€¢ Iâ€™m flexible with style and format

Why choose me?
â€¢ Happy clients and great reviews
â€¢ Clear communication &amp; on-time work
â€¢ I'm a published writer with an active blog

ğŸ’² Rate: $15/hour
ğŸ Special offer for my first 3 clients",Ambika66,https://www.reddit.com/r/forhire/comments/1my13yj/for_hire_looking_for_a_writer_hire_me_15hr/,2025-08-23T13:12:19+00:00,writing,15,,,
1my12dp,forhire,[Hiring] US-Based Business Representative for TikTok Shop (LLC),"**We are looking for a US-based individual to act as our official business representative (PBR) for our LLC on TikTok Shop.**

**Responsibilities:**

* Be listed as the TikTok Shop business account representative (PBR).
* Provide proof of address so it can be listed as our US address on TikTok (platform requirement).
* Assist with account setup and verification.
* Provide a short verification video if TikTok requests it.
* If any mail is received at your address for our company, simply forward itâ€”we will pay $15 each time.

**Requirements:**

* Must live in the US and be 18+.
* Valid US ID and proof of address.
* Reliable and responsive.

**Compensation:** One-time flat payment (amount to be agreed) + $15 per piece of mail forwarded.

**Contract:**

* A simple agreement will be signed confirming this is only a representative role, with no liability or personal responsibility for you.
* Another agreement will also be signed to authorize us (the LLC/UBO) to use your address as the official business address for TikTok Shop purposes.

**To Apply:** Send a short introduction and confirm US residency.",Obvious-Reaction-327,https://www.reddit.com/r/forhire/comments/1my12dp/hiring_usbased_business_representative_for_tiktok/,2025-08-23T13:10:25+00:00,general,15,,,
1mxzuid,forhire,[Hiring] (US | CANADA | Online) Virtual Assistant $20-30/hr,"We are currently looking to hire a reliable Virtual Assistants who can workÂ independently to support us with ongoing administrative and operational tasks. This is a paid, full-time opportunity with flexible hours.  
  
What the work involves:  
  
Manage email correspondence, scheduling, and calendar organization  
Conduct online research and compile data or summaries as needed  
Assist with social media posting, basic content formatting, and document preparation  
Help streamline administrative processes and support daily operations  
Hours: Flexible â€” approx. 5â€“10 hours/week to start, with the possibility of increased workload over time.  
  
Please send your resume toÂ [mikecallahan444@gmail.com](mailto:mikecallahan444@gmail.com) or Contact: +1 (272) 319 7179 for more info.",Heavy-Marsupial-553,https://www.reddit.com/r/forhire/comments/1mxzuid/hiring_us_canada_online_virtual_assistant_2030hr/,2025-08-23T12:14:13+00:00,data entry,20,mikecallahan444@gmail.com,,
1mxzqj0,forhire,[For Hire] Experienced Graphic Designer and Web Developer | $20/hr,"## PORTFOLIO

[MY DESIGN WORK](https://iamjenn.carrd.co)

[MY WEBSITE WORK](https://drive.google.com/drive/folders/1A7D4OiZn1NBCDwYSZVVVU8R9bypoi5xP)


## RATES

- $39  for a logo, flyer, business card, or brochure.
- $189 for a clean and responsive informative website.


## ABOUT ME

Hey! Iâ€™m Jenn a passionate Graphic Designer and Full Stack Web Developer with several years of hands-on experience in branding, UI/UX, and web development.

I specialize in custom website builds and WordPress solutions. Since Iâ€™m a designer as well as a developer, my work reflects both technical functionality and visual appeal. Youâ€™re essentially getting two-in-one  someone with both coding skills and a designerâ€™s eye for detail.


## CONTACT

Email: jennmac.1187@gmail.com
Discord: jennmac313


## EXPERTISE

- Adobe Illustrator, Photoshop
- Figma
- React, JavaScript
- Wordpress 
- ExpressJs, NextJs, NodeJs
- MongoDB


## PAYMENT

I accept PayPal for secure and convenient transactions.",Throwaway_Dude112,https://www.reddit.com/r/forhire/comments/1mxzqj0/for_hire_experienced_graphic_designer_and_web/,2025-08-23T12:08:50+00:00,design,20,jennmac.1187@gmail.com,Discord: jennmac313,
1mxxqd1,forhire,[for hire] $5-$35 character designs &amp; ocs,"as in my title, i do character design &amp; ocs 

Sketches 
Headshot - $5
Half body - $8
Full body - $12

Line art 
Headshot - $8
Half body - $12
Full body - $16

Detailed (black&amp;white)
Headshot $13
Half body $15
Full body $20

Two people 
Headshot $18
Half body $25
Full body $38 

TAT : max 3 days
earliest : few hours 

here is my website with examples! 

https://issoriabelle.straw.page",Grand_Lavishness8850,https://www.reddit.com/r/forhire/comments/1mxxqd1/for_hire_535_character_designs_ocs/,2025-08-23T10:17:58+00:00,general,5,,,
1mxur31,forhire,[Hiring] Agents &amp; Broadcasters for Musa Agency â€“ Work from Home,"ğŸ“¢ Ø¥Ø¹Ù„Ø§Ù† ØªÙˆØ¸ÙŠÙ

Ù…Ø·Ù„ÙˆØ¨ Ø¨Ù†Ø§Øª ÙÙ‚Ø· Ù„Ù„Ø¹Ù…Ù„ ÙÙŠ ğŸŸ£ ØªØ·Ø¨ÙŠÙ‚ Ø¨Ø« Ù…Ø¨Ø§Ø´Ø± (ÙÙŠØ¯ÙŠÙˆ Ø´Ø§Øª)
âœ… Ø´ØºÙ„ Ù…Ù† Ø§Ù„Ø¨ÙŠØª â€“ Ø£ÙˆÙ†Ù„Ø§ÙŠÙ† Ø¨Ø§Ù„ÙƒØ§Ù…Ù„
âœ… Ù…ÙˆØ§Ø¹ÙŠØ¯ Ù…Ø±Ù†Ø©
âœ… ØªØ­ÙˆÙŠÙ„ Ø£Ø±Ø¨Ø§Ø­ Ø£Ø³Ø¨ÙˆØ¹ÙŠ
âœ… Ù„Ø§ ÙŠØ´ØªØ±Ø· Ø®Ø¨Ø±Ø© â€“ Ø§Ù„ØªØ¯Ø±ÙŠØ¨ Ù…Ø¬Ø§Ù†Ù‹Ø§

ğŸ“± Ù„Ù„ØªÙˆØ§ØµÙ„ ÙˆØ§ØªØ³ Ø¢Ø¨: +201271657048
Ø§Ø³Ù… Ø§Ù„ÙˆÙƒØ§Ù„Ø©: ÙˆÙƒØ§Ù„Ø© Ù…ÙˆØ³ÙŠ

ğŸ’¡ ÙØ±ØµØ© Ù…Ù…ØªØ§Ø²Ø© Ù„Ù„Ø¨Ù†Ø§Øª Ø§Ù„Ù„ÙŠ Ø¹Ø§ÙŠØ²ÙŠÙ† Ø´ØºÙ„ Ø¥Ø¶Ø§ÙÙŠ Ø£Ùˆ Ø¯Ø®Ù„ Ø«Ø§Ø¨Øª Ù…Ù† Ø§Ù„Ø¨ÙŠØª.",SorbetNo4763,https://www.reddit.com/r/forhire/comments/1mxur31/hiring_agents_broadcasters_for_musa_agency_work/,2025-08-23T07:11:04+00:00,general,,,,
1mxuh2p,forhire,[FOR HIRE] Offering Customer Support + Creative Digital Services ğŸ¨ğŸ’»,"Experienced in customer support (chat, inbound sales, complaint handling, issue resolution) and also passionate about creating digital templates and printables (planners, invitations, party favors, etc.), which are available on Gumroad and Kofi. Starts $5

âœ… Remote Customer Support Roles

âœ… Canva &amp; Photo Editing

âœ… Video Editing &amp; Digital Product Design

If youâ€™re looking for reliable support or unique digital products, I can share my porfolio as well to check my previous works",TitaTinta,https://www.reddit.com/r/forhire/comments/1mxuh2p/for_hire_offering_customer_support_creative/,2025-08-23T06:54:15+00:00,design,5,,,
1mypmn7,slavelabour,"[Offer] Custom Instrumentals â€“ Any Genre (Lo-fi, HyperPop, EDM, Rock &amp; more)","Hey! I produce **custom instrumental tracks,** anything from chill Lo-fi beats to hard-hitting EDM drops to experimental HyperPop. If you need music for a game, video, or just something to vibe to, I can make it happen.

**Hear My Work:** [Demo Music](https://drive.google.com/file/d/15UUPojD4oOj9ROv8tHZ63N_fppg8hCyL/view?usp=sharing)  
**Pricing:** $15 per track (bulk orders $12 each, 5+)  
**Why me?** Years of production experience + ghost production option (100% yours). I am also a musician myself.

ğŸ“© DM here or Discord: edgarb0i",Bid_Ur,https://www.reddit.com/r/slavelabour/comments/1mypmn7/offer_custom_instrumentals_any_genre_lofi/,2025-08-24T07:53:37+00:00,general,15,,Discord: edgarb0i,
1myijjj,slavelabour,[offer] petition and email,"Itâ€™s really simple. I need you to sign and spread a petition. For each sign you obtain, I will pay you .10cent. And for each email I Iâ€™ll pay .50 cent. You will have to sign a Non disclosure agreement. All correspondence will be on telegram. ALL OF IT. It is a social issue. If you are a woman hater, itâ€™s not for you and do not waste my time. Also, if you are able to mass share it and get mass signs. Then I will pay you even more. This is productivity based. Only contact if you are ok with telegram correspondence. Payment will be via PayPal or for over $10 I can do directly to your bank as well NDA is key. If you run in activist circles Even better If you believe you can get a 100 people to sign it then I will pay you long term",AdvancedAngle1467,https://www.reddit.com/r/slavelabour/comments/1myijjj/offer_petition_and_email/,2025-08-24T01:12:50+00:00,general,50,,,
1myih0e,slavelabour,[Task] Cold calls~ $50+ per call done.,"There is no requirement for your location, accent, or mostly anything. If you're a girl this job will be 10Ã— easier for you.
There will be nothing else you will need to do beside calls. 
I will provide with calling software, call script, numbers you will need to call, even real time ai help app that will be so useful.

What you need to do- 
Call and finalize a meeting/book a meeting with the client. 
Update the list if they picked up or what happened during the call.
Have a payment process so I can send the money.

This job is very very easy with the help I will give you, infact, before I lost my voice due to cold, I was booking 1 meeting every hour. 

Do not DM if this is your first time or low experience in cold call. Firstly you won't be able to close meeting and you will waste a very high quality lead. 

If I like you as a person during our work together. I will pay an extra bonus of $100 at end.",Significant_Lab_5177,https://www.reddit.com/r/slavelabour/comments/1myih0e/task_cold_calls_50_per_call_done/,2025-08-24T01:09:15+00:00,general,50,,,
1myg6gn,slavelabour,[OFFER] Modern Logo Designs starting at $10,"Hey everyone!
Iâ€™m a graphic designer with over 4 years of experience specializing in [logo](https://jtcreatives.myportfolio.com/logo-designs) design and brand identity. Whether youâ€™re launching a new project or rebranding an existing one, Iâ€™d love to help bring your vision to life with a clean, memorable logo tailored to your brand.

ğŸ’¼ What I Offer:
âœ…Custom logo design (starting at $10)
âœ…Multiple concepts and revisions
âœ…Transparent PNG, high-resolution files, vector files (AI, SVG, PDF), and mockups
âœ…Delivery within 2â€“4 days
âœ…Optional: Add-ons like business card design, brand kits, or social media assets (added fee)

ğŸ’¸ Payment Method:
I only accept PayPalâ€™s Goods &amp; Services for buyer protection on both ends. You can check client feedbacks [here](https://www.reddit.com/user/Fit-Rush848/comments/1m55q3b/client_feedbacks/?utm_source=share&amp;utm_medium=ios_app&amp;utm_name=ioscss&amp;utm_content=2&amp;utm_term=1).

ğŸ“© How to Get Started:
DM me with your idea, business name, preferred style (if any), and budget",Fit-Rush848,https://www.reddit.com/r/slavelabour/comments/1myg6gn/offer_modern_logo_designs_starting_at_10/,2025-08-23T23:19:08+00:00,design,10,,,
1myg3c2,slavelabour,"[Offer] I can draw Emotes, Pixel Art, Chibis, Sketches for you! (Price ranges from $10-35+)","Hello everyone! My art commissions are currently open\~

You can find my commission info + terms of service + portfolio here:Â [https://artsybarrels.carrd.co/#comms](https://artsybarrels.carrd.co/#comms)

**PRICES**

* **Skeb-style/Suprise Me! Sketches = $10-25+**
   * minimum of $10 for 1 character, $15 for 2 characters, and $25 for a sketch page
   * quick character illustration with style/rendering and cropping thatÂ **depends on how much you pay**
   * style/rendering can range from: basic sketch with monochrome shading â¡ sketch with flats â¡ flats with quick/messy shading â¡ sketch with painterly / coloured pencil render
   * cropping can range from: headshot â¡ bust â¡ halfbody â¡ fullbody
   * this is a skeb-style/suprise me! commission which meansÂ **there will be no revisions, feedback, or communication between us other than the initial request**Â (references+prompt) sent through DMs after your bid
* **Emotes = $15**
   * emotes for Twitch/Youtube/Discord done on a 500x500px canvas
* **Pixel Cheeb YCH = $30**
   * fullbody pixel chibis done using a template in an approximately 64x64px canvas
   * includes PNGs with transparent and plain colour background (watermarked and no watermark versions)
   * details will be simplified to fit the format/style
   * custom character design (I'll design your character based on your references) = +$3
* **Smol Pixel Icon = $30**
   * pixel headshot icon done in a 64x64px canvas (bigger resized version included)
   * additional simple animation = +$5
   * simple animations may include: talking, bouncing, blinking, smiling, expression change, small movement of hair/clothing, etc.
* **Cel-shaded Chibi = $35**
   * fullbody cel-shaded chibi
   * complex design (detailed clothing/accessories/props) = +$5
   * custom character design (I'll design your character based on your references) = +$10

**WILL DRAW:**Â humans/humanoid, furry/anthro, fanart, original characters

**WON'T DRAW:**Â mecha, feral, bigotry/offensive content

**Payment is done 50% upfront then 50% after the final preview.**Â You can either pay me through Vgen, Paypal, Wise, Ko-fi, Maya, or GCash. My usual turnaround time is 2 weeks to 3 months depending on the complexity of your commission and my workload for that month.Â **For small stuff though, it usually takes 1 week to 1 month.**

I'm allowed to post and stream the (process of) creation unless the client states not to.Â **Clients must also put credits (artsybarrels)**Â when they can!

**MAKE SURE TO READ MY TERMS OF SERVICE:**Â [https://artsybarrels.carrd.co/#terms](https://artsybarrels.carrd.co/#terms)

**Ordering and paying for the commission means that you have read and agreed with these terms.**",trashbarrels,https://www.reddit.com/r/slavelabour/comments/1myg3c2/offer_i_can_draw_emotes_pixel_art_chibis_sketches/,2025-08-23T23:15:21+00:00,design,10,,,
1my8ewi,slavelabour,[Offer][For Hire] Discord Bots &amp; Automation Services,"I buildÂ **custom Discord bots and automation systems**Â (ticketing, leaderboards, clip submission, payouts, stream alerts, schedulers, integrations, etc.).

**Tech:**Â Python,Â [Discord.py](http://discord.py/), APIs (YouTube, Twitch, Kick), MySQL, SQLite, Selenium, Flask, Chromium.  
**Experience:**Â Built bots for creator communities (ForeverMedia, ForeverRelay) + YouTube automation + real-time speech tools.

ğŸ’¡ DM me your idea + budget and Iâ€™ll make it happen",Adventurous_Ad_3464,https://www.reddit.com/r/slavelabour/comments/1my8ewi/offerfor_hire_discord_bots_automation_services/,2025-08-23T18:02:17+00:00,general,,,,
1my6ot6,slavelabour,[OFFER] I will edit your photos and more for reasonable prices (Starting at 4$ only),"Hello people of Reddit!

I am a graphic designer and photo editor with over 5 years of experience using Adobe Photoshop.

From small tasks to complex ones, whether you're a small business, content creator, or just want your images to be fixed or enhanced, I'm here to help!

**Services Include (But Not Limited To):**

* Restore old, distorted, or unclear images
* Create creative and aesthetic compositions
* Enhance, retouch, and color grade images (products, food, portraits, and more!)
* Design eye-catching thumbnails and banners for channels and videos
* Bring your hand-drawn sketches to life
* Remove distractions like objects or people from images
* Create professional headshots for LinkedIn or work profiles
* And much more!

[Some Examples of My Work](https://faaafu6.imgbb.com/albums)

**Why Choose Me?**

* I'll keep working on your images until you're 100% satisfied with the results.
* I reply to all messages almost instantly.
* I'll get your tasks done quickly with attention to details and quality.
* Affordable pricing starting at just $4 (Price goes higher depending on the complexity of the tasks).

I currently only accept PayPal as a payment method.

Just comment $bid on this post and I'll message you as soon as I can!

Thank you for your time :)",Apprehensive_Fly4738,https://www.reddit.com/r/slavelabour/comments/1my6ot6/offer_i_will_edit_your_photos_and_more_for/,2025-08-23T16:57:01+00:00,design,4,,,
1my5vcg,slavelabour,"[offer] $5 per edited minute, money back guarantee if you don't like the edit","I'm honestly tired of people not believing me ğŸ˜­ 

So here's the solution, I'll edit your videos for just $5 per edited minute. If you don't like the final result you get your money back.

That's how confident I am in my work. I put in the effort, you get quality editing, and if somehow you're not happy, you don't pay.

[Portfolio](https://cultvfx.my.canva.site/)

Let's work together and I'll show you what I can do.

DM me for works.",RogueKensei,https://www.reddit.com/r/slavelabour/comments/1my5vcg/offer_5_per_edited_minute_money_back_guarantee_if/,2025-08-23T16:25:03+00:00,design,5,,,
1my3w2i,slavelabour,[TASK] Need a VA to help me with a data gathering task,"I am looking for a VA to help me with a data gathering task.

You will have to research websites and collect key information about them.

You will have to gather information into an excel sheet and I will pay $1 per row.

If you perform well on this task I will hire you for more work.

I am looking for a reliable long-term VA to help me manage several ongoing projects.

A PayPal is required if you want to complete this task so please don't reach out if you don't have one.

If you are interested please let me know where you are located.",AnythingJunior8650,https://www.reddit.com/r/slavelabour/comments/1my3w2i/task_need_a_va_to_help_me_with_a_data_gathering/,2025-08-23T15:07:59+00:00,writing,1,,,
1my0s30,slavelabour,[offer] I will build your SaaS MVP and help you publish it and monetize it,"Hey ğŸ‘‹

If you are looking for any web developer I can help you build a SaaS from scratch and add custom functionality for you. I am offering in a cheaper price to develop the site for you. The site will have all the functionality you want. I can also build a MVP For you which you can launch fast and monetize.

Overall time to build the entire full stack site is. Depending on project scope. But I will try my best to finish as fast as I can.

Dm me for portfolio and details we can book a call and discuss.",NoMuscle1255,https://www.reddit.com/r/slavelabour/comments/1my0s30/offer_i_will_build_your_saas_mvp_and_help_you/,2025-08-23T12:57:50+00:00,general,,,,
1mxzrlu,slavelabour,"[offer] Experienced UI/UX, Graphic Designer and Web Developer | $20/hr","## PORTFOLIO

[MY DESIGN WORK](https://iamjenn.carrd.co)

[MY WEBSITE WORK](https://drive.google.com/drive/folders/1A7D4OiZn1NBCDwYSZVVVU8R9bypoi5xP)


## RATES

- $39  for a logo, flyer, business card, or brochure.
- $189 for a clean and responsive informative website.


## ABOUT ME

Hey! Iâ€™m Jenn a passionate Graphic Designer and Full Stack Web Developer with several years of hands-on experience in branding, UI/UX, and web development.

I specialize in custom website builds and WordPress solutions. Since Iâ€™m a designer as well as a developer, my work reflects both technical functionality and visual appeal. Youâ€™re essentially getting two-in-one  someone with both coding skills and a designerâ€™s eye for detail.


## CONTACT

Email: jennmac.1187@gmail.com
Discord: jennmac313


## EXPERTISE

- Adobe Illustrator, Photoshop
- Figma
- React, JavaScript
- Wordpress 
- ExpressJs, NextJs, NodeJs
- MongoDB


## PAYMENT

I accept PayPal for secure and convenient transactions.",Throwaway_Dude112,https://www.reddit.com/r/slavelabour/comments/1mxzrlu/offer_experienced_uiux_graphic_designer_and_web/,2025-08-23T12:10:20+00:00,design,20,jennmac.1187@gmail.com,Discord: jennmac313,
1mxwb2y,slavelabour,[OFFER] Fix your WordPress for $15â€“30 | websites from scratch $50â€“100,"Hi! Iâ€™m a developer and I work with **WordPress and simple website design**.  
I offer two types of services:

* **Quick fixes ($15â€“30):**

   * Fix WordPress bugs (CSS issues, plugin errors, broken layout).
   * Small design tweaks.
   * Basic plugin setup/config.

* **Websites from scratch ($50â€“100):**

   * Landing pages (portfolio, business, product).
   * Simple blogs.
   * Small websites (up to 3â€“4 pages).

**Fast, affordable, and straightforward.**  
I always deliver on time with clear communication.

**Notes / limits:**

* Advanced features (e-commerce, custom systems, heavy integrations) â†’ price negotiable.
* Delivery times: **a few hours (fixes)** to **a few days (new sites)**.

**Payments via PayPal**",n00veloper,https://www.reddit.com/r/slavelabour/comments/1mxwb2y/offer_fix_your_wordpress_for_1530_websites_from/,2025-08-23T08:49:43+00:00,writing,15,,,
1mxrrnc,slavelabour,[Task] Long term social media manager needed. $150-$200/month,"I'm looking for someone to help manage social media for LinkedIn, Twitter and Reddit

This is a long-term opportunity, but to start, we'll do a one-week paid trial to see if it's a good fit.

Ideally, you:

* Are tech-savvy
* are already posting things on social media,
* Know how to create posts, keep a page active, and engage with the audience
* **familiar with tools like Cursor, lovable, replit, bolt, etc**
* you DON'T need to be technical

If you are interested comment $bid and dm me with your portfolio let me know what experience you have with AI coding tools. If you can share proof (past project, screenshots or whatever that will be a bonus).",LingonberryRare5387,https://www.reddit.com/r/slavelabour/comments/1mxrrnc/task_long_term_social_media_manager_needed/,2025-08-23T04:17:04+00:00,general,150,,,
1mxneom,slavelabour,[OFFER] Full Stack Software Developer 16/hr,"Hey folks ğŸ‘‹

Iâ€™m a full-stack software engineer with 5 years of experience building fast, reliable, and modern web apps â€” now focused on crafting AI-powered platforms from the ground up.

Iâ€™ve worked with clients across the U.S., Europe, and Africa, helping them turn ideas into scalable products â€” from classic CRUD apps to smart, AI-enhanced systems.

â¸»

ğŸ’» Tech Stack

Frontend: React, Next.js, Tailwind, TypeScript, Vue Backend: Node.js, NestJS, Express, PostgreSQL, MongoDB, Prisma, Sequelize Infra: Docker, AWS, Linux VPS, GitHub Actions, NGINX AI &amp; Automation: â€¢	OpenAI (GPT-4, Assistants API), Claude, and other LLMs â€¢	LangChain, Pinecone, Redis Vector Search â€¢	Retrieval-Augmented Generation (RAG), embeddings, document search â€¢	Custom chatbots, content generators, recommendation engines â€¢	AI pipelines with full-stack UX: upload â†’ process â†’ store â†’ visualize

â¸»

ğŸ§  What I Build

âœ… Full-stack web apps that use AI intelligently (not just a chatbot copy-paste) âœ… Data-driven dashboards with smart summarization and auto-tagging âœ… AI assistants for internal tools, CRMs, or support platforms âœ… Custom CMS or admin panels with AI-enhanced workflows âœ… Product search/comparison platforms with live scraping and NLP enrichment

â¸»

ğŸ’¼ What You Get â€¢	Clean code and modular architecture (MVC, Hexagonal, DDD) â€¢	Scalable backend systems with real-time AI features â€¢	Fast, responsive frontends with modern UI â€¢	Seamless deployment, monitoring, and post-launch support

ğŸ’² Rate: $16/hour ğŸ“ Time-zone friendly (Async OK, can adapt to EST/PST) ğŸ“« DM me Minimum commitment is 2 months and rates will be adjusted for long term commitments :)",Ill_Position8783,https://www.reddit.com/r/slavelabour/comments/1mxneom/offer_full_stack_software_developer_16hr/,2025-08-23T00:36:44+00:00,writing,16,,,
1mxl0l6,slavelabour,"[Offer] I can do word, excel and PowerPoint works for 20$","Hello, I'm currently a student at university in Lebanon. I have a good understanding of fundamentals and advanced Microsoft office skills

I'm able to work on anything that requires Word, excel, PowerPoint and in addition of HTML/CSS as well

PS: I live in Lebanon so online payments might be a bit challenging due to PayPal ban in the country. I currently accept crypto, but if you have an alternative payment method pls let me know",yourfavoriteengineer,https://www.reddit.com/r/slavelabour/comments/1mxl0l6/offer_i_can_do_word_excel_and_powerpoint_works/,2025-08-22T22:50:45+00:00,data entry,20,,,
1mxkdw0,slavelabour,[task] Find sample questions from eSkill bookkeeping assessment,"I am paying for sample questions that get used on a platform called eskill (I am interested in bookkeeping and similar subjects mainly), this platform is used to for employment and hiring

I will put a $5 reward for a sample of 40 questions, if you can find more I can increase the amount, we can discuss all this in pm

I will also consider other subjects if you can find them (logical thinking and English Language) but bookkeeping is my main interest

I have Paypal, I might consider another mean if I can use it with Paypal",J1663,https://www.reddit.com/r/slavelabour/comments/1mxkdw0/task_find_sample_questions_from_eskill/,2025-08-22T22:24:34+00:00,general,5,,,
1mxh4pk,slavelabour,[Offer] Figma Designer for Web / Mobile UI/UX Designs,"Hello everyone, I'm a Figma UI/UX Designer with 5 years (almost 6 years) of experience creating stunning user interfaces. Open for projects of any kind.

For mobile / web designs that are visually appealing and user-friendly, check out my portfolio: [zaki.craft.me/Portfolio](http://zaki.craft.me/Portfolio)

Rate: $8/hr

I have a pretty flexible schedule and I'm pretty quick at putting out beautiful results. Ready to start immediately!

Cheers",MozLondon,https://www.reddit.com/r/slavelabour/comments/1mxh4pk/offer_figma_designer_for_web_mobile_uiux_designs/,2025-08-22T20:14:07+00:00,design,5,,,t.me/Portfolio
1mxh4o4,slavelabour,[offer] tedious work for $5 per task PayPal,"I will offer hard work and sincerety for a wide variety of different tasks. From social media handling, Data entry and cleaning, formatting and typing documents to web research I'm here for it all. I promise lightning quick and efficient work that will be sure to leave you, the customer satisfied with your experience. Looking forward to working with you and I accept payment through PayPal.

\- Social Media Handling  
\- Data Entry and Cleaning   
\- Formatting Documents   
\- Web Research

Other tasks are also possible dependant on customer's needs.",Strange_Instance6120,https://www.reddit.com/r/slavelabour/comments/1mxh4o4/offer_tedious_work_for_5_per_task_paypal/,2025-08-22T20:14:05+00:00,data entry,5,,,
1mxh2f8,slavelabour,"[task] Looking for AI artists to make product art that are realistic, our products in different scenarios $100","must have portfolio or proof that you can make good acurate art, letters must be exact on the product. can hop on call, message here and or discord , payment can be sent through cashapp , paypal or zelle . 

MUST HAVE SOME TYPE OF PROOF THAT YOU CAN DO THIS , ive gotten a lot of ""experts"" that cant get the image to generate the product correctly , more work is available in the future if this project goes well",furryArtsy,https://www.reddit.com/r/slavelabour/comments/1mxh2f8/task_looking_for_ai_artists_to_make_product_art/,2025-08-22T20:11:35+00:00,general,100,,,
1mxgj70,slavelabour,[TASK] Convert my PDF resume to Word â€“ $5 (PayPal/e-transfer),"I need a clean, fully editable Word version of my resume that preserves all of the original formatting, including fonts, spacing, headings, bullet points, and overall layout. This is a straightforward task that should take very little time â€” no rewriting, redesigning, or content changes are needed at all. Please DM me if you can help, and I will send payment immediately after you deliver the completed Word file.",not_naveed,https://www.reddit.com/r/slavelabour/comments/1mxgj70/task_convert_my_pdf_resume_to_word_5/,2025-08-22T19:50:56+00:00,data entry,5,,,
1mxfq1n,slavelabour,[Offer] Website or Landing Page for Just $149 (3 Slots Available),"Hi everyone, Iâ€™m Daniel, a full-stack developer. For a flat rate of $149, I will craft a complete website or landing page that loads in a blink and looks fantastic on every device.

If you prefer the flexibility and content-friendly tools of WordPress, I will build a custom theme tailored to your brand. Your finished site will be fully responsive, SEO ready, and easy for you to update. I handle everything from initial concept and wireframe through design, development, basic on-page SEO, and deployment to your preferred host. Payment is a simple one-time fee with no hidden costs.

Drop me a message or visitÂ [https://eddan.co](https://eddan.co/)Â to see my previous work and get started today.",HeyPopSmoke,https://www.reddit.com/r/slavelabour/comments/1mxfq1n/offer_website_or_landing_page_for_just_149_3/,2025-08-22T19:19:34+00:00,design,149,,,
1mxbuf9,slavelabour,[offer] I can provide discounts on Pixel 10 Pro / XL via official promo codes,"Hello,
I can provide discounts on Pixel 10 Pro / XL via official promo codes 

I have a large stock of official Google Store promo codes that give discounts on Pixel 10 Pro and Pixel 10 XL devices.

$100 off codes

$125 off codes

$150 off codes

âœ… They are independent promo codes (not-bound).
âœ… Can be redeemed directly at checkout.

If youâ€™re interested, please DM me.
DM for details.

It's working in US only.",MOA2_M,https://www.reddit.com/r/slavelabour/comments/1mxbuf9/offer_i_can_provide_discounts_on_pixel_10_pro_xl/,2025-08-22T16:52:45+00:00,general,10,,,
1mxbsr4,slavelabour,[Task] looking for someone who can edit / recreate website design in pdf . Immediate gig,"Looking for some one who can edit or recreate website design. Screenshots are available.  Need to edit the screenshots by super imposing images and text boxes. 
These screenshots are there in ppt, needs to be sized properly and made it into a pdf. 

There are roughly 10-15 edits , mostly text and image overlays.

It's a simple task if you know photoshop, I'm looking to close this in the next 2 hours. Only serious. 

Important- 
1) You must have Adobe illustrator to extract logo.
2) this must be closed in 2 hours 

Payment via PayPal only. 
I'm willing to pay $25 for this work.",Einmomentbitte,https://www.reddit.com/r/slavelabour/comments/1mxbsr4/task_looking_for_someone_who_can_edit_recreate/,2025-08-22T16:51:00+00:00,design,10,,,
1mxbsc3,slavelabour,[TASK] looking for a reliable reseller for my premium services.,"Hi everyone,

Iâ€™m looking for someone who can help resell premium digital subscriptions. The services include:
	â€¢	ChatGPT Plus (1/3 Months)
	â€¢	Gemini Pro (1 Year)
	â€¢	Canva Pro (1 Year)
	â€¢	Adobe Creative Cloud
	â€¢	YouTube Premium (2 Years)
	â€¢	Coursera Plus (1 Month)
â€¦and more.

âœ… Your job: Find buyers through Reddit, Discord, Instagram, marketplaces, etc.
âœ… Youâ€™ll earn a commission on every sale (we can discuss exact % or per-sale rate).
âœ… This can be an ongoing gig if youâ€™re good at finding customers.

ğŸ’° Payment: Commission-based (negotiable, fair cut per sale).
ğŸ“© DM me if youâ€™re interested, or if you have prior experience with online reselling.

Thanks!",Informal-Project-595,https://www.reddit.com/r/slavelabour/comments/1mxbsc3/task_looking_for_a_reliable_reseller_for_my/,2025-08-22T16:50:35+00:00,design,1,,,
1mxbozy,slavelabour,[offer] I'll create high converting E-commerce store for any niche.,"# I'm a professional website designer with expertise in E-commerce website creation. If you want any kind of website then please hit me up.

Here's what I'll provide:

1. Full Store Design
2. Premium Theme.
3. Payment Integration.
4. Shipping Setup.
5. Backend settings And much more...

My Portfolio:

[Blender Store](http://abdullahstore-123.myshopify.com/)Â (Password: skotut)

[Beauty Store](http://beautifyshop2.myshopify.com/)Â (Password: skotut)

[Watches Store](http://www.chrono-customs.com/)",Key_Ticket_546,https://www.reddit.com/r/slavelabour/comments/1mxbozy/offer_ill_create_high_converting_ecommerce_store/,2025-08-22T16:47:01+00:00,general,1,,,
1mxb1jv,slavelabour,"[Task] $7/hr â€“ Virtual Assistant (Prefer Central/South America, Matching U.S. Time Zone)","Weâ€™re looking for a long-term Virtual Assistant to join our team. Weâ€™re a growing wellness-focused tech company, and we need someone reliable and detail-oriented to support our operations as we expand across the U.S.

Your tasks:

	â€¢	Research state-by-state requirements to support our growth

	â€¢	Complete and submit registration forms on our behalf

	â€¢	Track submissions in a Google Sheet (state, date, confirmation, renewal)

	â€¢	Save all completed forms and confirmations in a shared drive

	â€¢	Document if a state requires additional licensing (reseller, distributor, etc.) and outline whatâ€™s needed

Pay: 

$7/hr, with raises and long-term opportunity for the right person.

How to Apply:

Research the exact steps and requirements to comply with the PACT Act and all other requirements needed to sell vaporizer hardware to medicinal dispensaries in New York State.

	â€¢	Provide the official links to forms and requirements

	â€¢	Summarize the step-by-step process you would use to ensure requirements are met state by state

	â€¢	Include your location/time zone and confirm youâ€™re good with $7/hr",CelibateSlut,https://www.reddit.com/r/slavelabour/comments/1mxb1jv/task_7hr_virtual_assistant_prefer_centralsouth/,2025-08-22T16:22:29+00:00,general,7,,,
1mx80vh,slavelabour,[TASK]  Seeking Consultant for Navigation for in a PWA  ($20/hr),"Hi everyone.

We need a consultant for our navigation PWA. We are starting to develop in soon and our team is stuck on managing the app's state during a live route, and this is where you come in.

You need to have solved these problems before. We need  guidance on the entire route process. This includes starting, pausing, and ending a route correctly. You will also help us build solid logic for progressing to the next waypoint and detecting when a user is close to their destination.

You must have experience building a navigation application (we use HERE and MapBox). We will ask you to show us your previous work, this is a  requirement.

Your job is to look at our current approach and ideas and give us a clear path forward. You will guide our developer on the best way to structure the app's logic.

If this sounds like you, send me a PM. Tell me about your past navigation projects

We will start with a Hello call and then a consultant session which we might need to repeat

Pay starts at $15 an hour or more",cjailc,https://www.reddit.com/r/slavelabour/comments/1mx80vh/task_seeking_consultant_for_navigation_for_in_a/,2025-08-22T14:27:54+00:00,writing,20,,,
1mx7txw,slavelabour,[OFFER] 1willmake professional mobile app that will help your business,"There is no business that does not need an app to reduce stress involved,  automate task, manage inventory, just mention it.
 
Are you running a school, then you'll need a school then you'll a management, inventory and attendance application.
 
Are you running a retail shop, then you'll need an
inventory management app.
 
Are you running a medicine shop, then you'll also need an inventory app that'll manage your drugs (esp expired ones)

My sevices can be as cheap from $10-$500 depending on how complex you want the app to be.

These are some of the apps I've made that are available to the general

https://play.google.com/store/apps/details?id=com.contactgenie

https://play.google.com/store/apps/details?id=com.lifeexpectancycalculator
 
https://play.google.com/store/apps/details?id=com.garment.me",Whole_Refrigerator97,https://www.reddit.com/r/slavelabour/comments/1mx7txw/offer_1willmake_professional_mobile_app_that_will/,2025-08-22T14:20:19+00:00,general,10,,,
1mx4vhd,slavelabour,[TASK] I need a website built and functional $50-$150 budget with potential other jobs,"Please send previous work/examples of what you are capable of. 

I am starting a service company specifically in The RV industry. It will be broken down into roughly 4-5 different services that I will provide. 

I am really hoping to have little to no AI used. Some elements are fine But I still want it to have a we are real and here for you vibe.

I want a very simple but engaging website that pops just enough to grab people's attention, but is simple enough that your great grandma can navigate it.

I am going to be needing other websites in the future as well, but it will be dependent on the outcome of this.",ScoutTheStankDog,https://www.reddit.com/r/slavelabour/comments/1mx4vhd/task_i_need_a_website_built_and_functional_50150/,2025-08-22T12:16:05+00:00,general,50,,,
1mx36l7,slavelabour,[Offer] I will optimize your workout plan for $20,"I will provide a detailed assessment of your workout plan, focusing on strengths and weaknesses based on your goals, age, and experience level. For $20, you will get:

* An actionable evaluation of your current plan
* Proper warm-up and finisher suggestions
* Cardio and mobility guidance
* Simplified, science-based recommendations to make your training more effective

I have 10 years of training experience and focus on practical, no-fluff solutions. Payment is upfront, and all work is done personally by me.

Comment below with $bid to get started immediately.",BubblyJob4750,https://www.reddit.com/r/slavelabour/comments/1mx36l7/offer_i_will_optimize_your_workout_plan_for_20/,2025-08-22T10:49:44+00:00,general,20,,,
1mx35zj,slavelabour,[TASK] Reddit Poster &amp; Engager ($35/week + bonuses),"Iâ€™m looking to bring on **1 reliable person right away** to handle Reddit posting + engagement for a startup. First strong applicant gets the spot.

# ğŸ”¹ What Youâ€™ll Do

* **9 posts per day** (across different communities)
* **5 comments per day** (authentic + conversational, no spam)
* Full guideline with examples will be shared once hired

# ğŸ”¹ Pay

* **$35/week base via cryptocurrency**
* Performance bonuses for quality + engagement
* Pay raises available as we scale

# ğŸ”¹ Requirements

* Know your way around Reddit (how to post without getting flagged/banned)
* Write casually + naturally (not robotic)
* Consistent daily activity + basic tracking (Google Sheets provided)

# ğŸ”¹ How to Apply

1. Comment **$bid** on this post
2. **DM me** with:

a) Your timezone

b) Your country

c) Why youâ€™d be a good fit

âš¡ Hiring **today,** donâ€™t wait.",shopnoakash2706,https://www.reddit.com/r/slavelabour/comments/1mx35zj/task_reddit_poster_engager_35week_bonuses/,2025-08-22T10:48:48+00:00,design,35,,,
1mx2m99,slavelabour,[task] (Malaysia residents only) â€“ Remote Social Media Content Manager | $100â€“$1000 /mo,"Hi everyone,

Weâ€™re looking for reliable people in **Malaysia** for a flexible, part-time role. The job is about managing content uploads for clients on a popular short-video platform. No content creation required â€” youâ€™ll receive clear step-by-step instructions and handle the scheduling of uploads.

**Details**

* Fully remote, flexible hours (a few hours per week)
* Straightforward tasks, training provided
* Payments in USD, sent weekly
* Pay depends on number of tasks completed (our team members average $390/month, some make $1,000+)

**Requirements**

* Physically located in **Malaysia**
* Good internet connection and basic computer skills

If interested, commentÂ **$bid**Â and Iâ€™ll DM you the application link.",Disastrous_River_221,https://www.reddit.com/r/slavelabour/comments/1mx2m99/task_malaysia_residents_only_remote_social_media/,2025-08-22T10:17:37+00:00,writing,100,,,
1my9v0e,hireawriter,[Hire Me] One Piece Scholar At Your Service!,"From building complex **what-if** narratives to crafting lighthearted **listicles** and **explainers**, I can handle any **One Piece** related script and deliver content thatâ€™s both well-researched and engaging for your YouTube audience.

I **currently** write for a channel with nearly **1 million subscribers** (Yaegerists), and my work has already brought in over **19 million views** across **fewer than 30 long-form videos** since March 2024.

You can check out my YTJobs profile here:  
[https://ytjobs.co/talent/profile/385846?r=487](https://ytjobs.co/talent/profile/385846?r=487)

I charge around **7 cents/word**, and I'm **available** for work all **7 days a week**.

My current output: **4 scripts/month** | Avg Word Count: **4500-5000+ words**

I'd ideally prefer working with someone who'd be okay with giving me a raise every 4 months, it's fine if you can't though, but just let me know in advance.

Contact me here or on Discord: Sultwuzhere",ReactionOk2810,https://www.reddit.com/r/HireaWriter/comments/1my9v0e/hire_me_one_piece_scholar_at_your_service/,2025-08-23T18:58:40+00:00,general,1,,Discord: Sultwuzhere,
1my12nx,hireawriter,[FOR HIRE] Looking for a writer? Hire me! $15/hr,"Hi, I'm Ambika!
I'm a ghostwriter who loves writing. Iâ€™ve written both fiction and non-fiction like blog posts, short stories, and books. I can help you turn your ideas into clear, creative, and original writing.

ğŸ”— My blog: https://4wwwambikablogs.wordpress.com/
ğŸ“– My short story on Amazon: The Man with the Turned Neck â€“ https://www.amazon.in/dp/B0DQPYNRHN

What I can do for you:
â€¢ Write blog posts, stories, books, and articles
â€¢ Research, write non-fiction content and Research papers
â€¢ Tell creative stories in any genre
â€¢ Match your tone (formal or casual)
â€¢ All writing is 100% human (no AI)
â€¢ Iâ€™m flexible with style and format

Why choose me?
â€¢ Happy clients and great reviews
â€¢ Clear communication &amp; on-time work
â€¢ I'm a published writer with an active blog

ğŸ’² Rate: $15/hour
ğŸ Special offer for my first 3 clients",Ambika66,https://www.reddit.com/r/HireaWriter/comments/1my12nx/for_hire_looking_for_a_writer_hire_me_15hr/,2025-08-23T13:10:45+00:00,writing,15,,,
1mxywct,hireawriter,Thriller/Crime writer,"Iâ€™m a published author. I have written four books. Iâ€™m doing this to fund my next book.

Portfolio here: [https://drive.google.com/drive/folders/1jMuQKLWhXN6KqRoR-QjJyhLA3c8sj\_xs?usp=sharing](https://drive.google.com/drive/folders/1jMuQKLWhXN6KqRoR-QjJyhLA3c8sj_xs?usp=sharing)

Both of these stories were in the top 100s on Amazon on thrillers &amp; Crime for three months.

I usually write thrillers. Detective fiction, crime, political thrillers, or if youâ€™re interested in historical fiction, I can write that. Iâ€™m well versed in ancient Greek history, or stories set in medieval England. I donâ€™t write fantasy or romance. If you want something else written in another historical period, I have to do research.

If you have a story idea or a character that want to put into paper, I can do that.

My rate is 0.13$ per word. Payment through Paypal. DM me and weâ€™ll talk.",vikingking43,https://www.reddit.com/r/HireaWriter/comments/1mxywct/thrillercrime_writer/,2025-08-23T11:24:30+00:00,general,,,,
1mxs0fk,hireawriter,[Hiring] Looking for experienced writer for X and Medium,"Hi guys, Iâ€™m looking for an experienced writer in the crypto field. I want to publish 4-8 articles per month on X and other platforms. Ideally I need someone who has written on business side,the technical aspects of Protocols, DAO, Defi, VCs side is a plus and other finance and partnerships related content.

Each article would be around 500-700 words or more if required depending upon the topic.

We can discuss the pay acc to the experience you bring in $0.07-0.15/ word or so can go more

If youâ€™re interested please share your past relevant work and your ask for per word/article.",Constant-Ad4943,https://www.reddit.com/r/HireaWriter/comments/1mxs0fk/hiring_looking_for_experienced_writer_for_x_and/,2025-08-23T04:30:22+00:00,writing,4,,,
1mymq2r,DesignJobs,[HIRING] Need a design for the cover of the musical score for a symphonic work.,"Hello, I'm looking for a design for the cover of music for my latest piece. Below is a link with the previous covers, and it should be in the same style as these (sort of like Japanese woodprint style). 

The design I want is that of the perspective from someone in a canoe on a lake, with trees on the far side of the lake, and one or two loons in the water in the distance. In the sky should be either clouds or an aurora plus stars, either way it should be mirrored in the water. The link has some sample photographs of the kind of thing I'm talking about. 

[https://drive.google.com/drive/folders/1d2o8bw0QM4ZjK3DwgcwEXIghS6khQw3N?usp=sharing](https://drive.google.com/drive/folders/1d2o8bw0QM4ZjK3DwgcwEXIghS6khQw3N?usp=sharing)

The design should fit in to the bottom half of the page, like in ""previous cover 2."" Don't worry about the text.

$40 Flexible depending on how much back and forth there is.",EphemeralOcean,https://www.reddit.com/r/DesignJobs/comments/1mymq2r/hiring_need_a_design_for_the_cover_of_the_musical/,2025-08-24T04:56:30+00:00,writing,2,,,
1mycln1,DesignJobs,[For Hire] I'll do UI/UX Design for your Web/Mobile Application for $150 to $200,"Hello everyone, I'm a Figma UI/UX Designer with 6 years of experience designing stunning user interfaces. Open for projects of any kind.

For mobile / web designs that are visually appealing and user-friendly, **check my portfolio in the comments!**

Rate: $20/hr if you want to work hourly. And if you want to do a whole project, I'd be happy to quote you from $150 to $200.

I have a pretty flexible schedule and I'm pretty quick at putting out beautiful results. Ready to start immediately!

Cheers",MozLondon,https://www.reddit.com/r/DesignJobs/comments/1mycln1/for_hire_ill_do_uiux_design_for_your_webmobile/,2025-08-23T20:47:43+00:00,design,150,,,
1my8u85,DesignJobs,"[FOR HIRE] Graphic Designer| Branding/Visual Identity, Logos and Poster designs","Hello! Hope you're having a lovely day!

Nice to meet you, I'm Stella. I'm an experienced graphic designer who mostly specialises in logo design, brand/visual identity, poster designs, and web graphics.   
  
I love taking on new projects, so if you're interested, DM me and we can chat more on a call about the details.

I'm open to full-time, part-time, and one-off projects.   
My rate is $30/hr and have a blessed day!  
  
[https://www.behance.net/gallery/225141503/Portfolio-2025](https://www.behance.net/gallery/225141503/Portfolio-2025)",StellaNova_,https://www.reddit.com/r/DesignJobs/comments/1my8u85/for_hire_graphic_designer_brandingvisual_identity/,2025-08-23T18:18:40+00:00,design,30,,,
1my8ptk,DesignJobs,[For Hire] Graphic Designer / Illustrator,"Good day, I am a graphic designer who also does graphic illustrations like mascot logo, and digital art.

My rate per project starts at 150$ (ex. logo deisgn)  or 20$ per hour depending on the scope. 

Portfolio:Â [Behance](https://www.behance.net/gallery/231227857/PORTFOLIO-2025)

Thank you.",juggernaut261,https://www.reddit.com/r/DesignJobs/comments/1my8ptk/for_hire_graphic_designer_illustrator/,2025-08-23T18:13:46+00:00,design,150,,,
1my464g,DesignJobs,[For hire] I can create professional and aesthetically pleasing ppt,As the tittle say I'll create aesthetically pleasing power point presentation for your next project! You just need to provide me with general instruction and any specific materials you want to be added in the ppt. For now I'm charging around 10$-15$  for 10 page ppt . If you are interested shoot me a dm I'll show you my previous work,Upbeat_Individual_63,https://www.reddit.com/r/DesignJobs/comments/1my464g/for_hire_i_can_create_professional_and/,2025-08-23T15:19:04+00:00,general,10,,,
1my45yn,DesignJobs,[Hiring] - Logo Designer For A Tech Startup / $25-30/hr,"Hello,

I am looking for someone who has experience in making logos for tech companies. I am looking for 2 logos to be made for 2 startups i am launching.  I am willing to pay up to $30/hr(I don't think this job will take you too long). If you are interested please send me a message of your work and some logos you've created!

***SPROUT***

AI Powered KPI Dashboard Software

The reasoning behind the name here is simply that when businesses want to grow they start tracking KPIS. So a baby plant sprouting out of the soil represents growth or something going up.

***NEST***

All in-one crypto platform. A hub for all things crypto and blockchain.

The idea here is to have a all in one platform combining every aspect of crypto and blockchain, one big super community and platform. So a nest is kind of like that community, its a place where birds always eventually come back to.

*These explanations may be corny lol but i think it helps in understanding the reasoning behind why i chose the name.*",SnooShortcuts7953,https://www.reddit.com/r/DesignJobs/comments/1my45yn/hiring_logo_designer_for_a_tech_startup_2530hr/,2025-08-23T15:18:52+00:00,design,25,,,
1my1vyy,DesignJobs,[HIRING] Looking for a UI/UX Designer to Join Our (validated) Startup Journey,"Hey everyone,

Weâ€™re building **Pick and Partner**, a platform that helps newsletter creators connect and cross-promote with each other. The idea is simple: instead of struggling alone to grow, creators can find partners in their niche and grow together.

Right now:

* We have **\~30 active users** already trying the idea.
* Around **80+ people have shown interest** in using it.
* The idea is **validated,** people want this.

Weâ€™re now going all in to build Pick and Partner into a full product. The backend and core functionality are already in place, but weâ€™re missing one critical piece: **a great design.**

Thatâ€™s where you come in.  
  
Weâ€™re looking for a **UI/UX designer** who can help us create a clean, intuitive, and professional experience for creators. Someone who can shape the productâ€™s look and feel as we scale.

If you love designing products from the ground up, this is a chance to work on something thatâ€™s already proven and about to grow fast.

Drop a comment or DM if youâ€™re interested, weâ€™d love to chat!

Budget: $100+ (grows even higher, depending on the quality of work)",Ok_Question_9555,https://www.reddit.com/r/DesignJobs/comments/1my1vyy/hiring_looking_for_a_uiux_designer_to_join_our/,2025-08-23T13:46:01+00:00,writing,30,,,
1my021c,DesignJobs,[For Hire] Experienced Graphic Designer and Web Developer | $20/hr,"##CLIENT FEEDBACK 

r/testimonials

## PORTFOLIO

[MY DESIGN WORK](https://iamjenn.carrd.co)

[MY WEBSITE WORK](https://drive.google.com/drive/folders/1A7D4OiZn1NBCDwYSZVVVU8R9bypoi5xP)


## RATES

- $39  for a logo, flyer, business card, or brochure.
- $189 for a clean and responsive informative website.


## ABOUT ME

Hey! Iâ€™m Jenn a passionate Graphic Designer and Full Stack Web Developer with several years of hands-on experience in branding, UI/UX, and web development.

I specialize in custom website builds and WordPress solutions. Since Iâ€™m a designer as well as a developer, my work reflects both technical functionality and visual appeal. Youâ€™re essentially getting two-in-one  someone with both coding skills and a designerâ€™s eye for detail.


## CONTACT

Email: jennmac.1187@gmail.com
Discord: jennmac313


## EXPERTISE

- Adobe Illustrator, Photoshop
- Figma
- React, JavaScript
- Wordpress 
- ExpressJs, NextJs, NodeJs
- MongoDB


## PAYMENT

I accept PayPal for secure and convenient transactions.",Throwaway_Dude112,https://www.reddit.com/r/DesignJobs/comments/1my021c/for_hire_experienced_graphic_designer_and_web/,2025-08-23T12:24:14+00:00,design,20,jennmac.1187@gmail.com,Discord: jennmac313,
1my00qd,DesignJobs,[For Hire] Experienced Graphic Designer and Web Developer | $20/hr,"## PORTFOLIO

[MY DESIGN WORK](https://iamjenn.carrd.co)

[MY WEBSITE WORK](https://drive.google.com/drive/folders/1A7D4OiZn1NBCDwYSZVVVU8R9bypoi5xP)


## RATES

- $39  for a logo, flyer, business card, or brochure.
- $189 for a clean and responsive informative website.


## ABOUT ME

Hey! Iâ€™m Jenn a passionate Graphic Designer and Full Stack Web Developer with several years of hands-on experience in branding, UI/UX, and web development.

I specialize in custom website builds and WordPress solutions. Since Iâ€™m a designer as well as a developer, my work reflects both technical functionality and visual appeal. Youâ€™re essentially getting two-in-one  someone with both coding skills and a designerâ€™s eye for detail.


## CONTACT

Email: jennmac.1187@gmail.com
Discord: jennmac313


## EXPERTISE

- Adobe Illustrator, Photoshop
- Figma
- React, JavaScript
- Wordpress 
- ExpressJs, NextJs, NodeJs
- MongoDB


## PAYMENT

I accept PayPal for secure and convenient transactions.",Throwaway_Dude112,https://www.reddit.com/r/DesignJobs/comments/1my00qd/for_hire_experienced_graphic_designer_and_web/,2025-08-23T12:22:27+00:00,design,20,jennmac.1187@gmail.com,Discord: jennmac313,
1mxz92b,DesignJobs,[Hiring] Product Label Designer,"I'm looking to create a standout product label for my supplement brand. The label needs to be bold, unforgettable, and make heads turn, standing out from typical designs.

Scope of work
- Design a bold, unique product label for a supplement brand based on print.

References
- https://www.instagram.com/zingsupplements

Additional information
When sending your request, please highlight notable projects that fit our description.

Budget: $100",New-Stand-2240,https://www.reddit.com/r/DesignJobs/comments/1mxz92b/hiring_product_label_designer/,2025-08-23T11:43:40+00:00,design,100,,,
1mxuvbx,DesignJobs,[HIRING] GRAPHIC DESIGNER *BRAND FOCUSED* PHILIPPINES ONLY,"**Weâ€™re Urgently hiring a WFH Graphic Designer** for our Real Eastate client in the property management and interiors industry. Youâ€™ll create social media graphics, marketing assets, website visuals, and short video content while ensuring brand consistency across all platforms.

Requirements:  
\-Proficient in Photoshop, Illustrator, and After Effects or Premiere  
\-Strong eye for design, typography, and color  
\-Experience with social media and digital ads  
\-Ability to meet deadlines and work within brand guidelines  
\- CAN FOLLOW INSTRUCTIONS

How to Apply: Send your CV and portfolio to [villaruelkristelle@gmail.com](mailto:villaruelkristelle@gmail.com) Applications without a portfolio will not be considered. SUBJECT LINE: BRAND GRAPHIC DESIGNER",Independent_Low7794,https://www.reddit.com/r/DesignJobs/comments/1mxuvbx/hiring_graphic_designer_brand_focused_philippines/,2025-08-23T07:18:07+00:00,design,,villaruelkristelle@gmail.com,,
1myr9n2,forhire,30K+ SUBS IN 2 MONTHS [for hire],"Im an Editor with 3+ year experience , i can help you in creating viral and beautiful edits or guide u thru apps and techniques. 
I gained 20+ million views under 2 months and can easly say that i can do it.
Apps i use are CapCut and Nodevideo, i make edits and clip other people in beautiful way.
-----$40/hr----",Objective-Science485,https://www.reddit.com/r/forhire/comments/1myr9n2/30k_subs_in_2_months_for_hire/,2025-08-24T09:38:16+00:00,general,2,,,
