date,product,subreddit,post_text,upvotes,comments,sentiment,source
2025-10-06 20:45:03.525200,Asana,SaaS,Switched from Monday.com to Asana. Much better pricing.,12,5,Positive,reddit
2025-10-02 20:45:03.525218,Asana,startups,Anyone use Asana? Considering it vs alternatives. Thoughts?,34,15,Neutral,reddit
2025-09-28 20:45:03.525224,Asana,productivity,Asana support is terrible. Been waiting 3 days for response.,8,3,Negative,reddit
2025-09-24 20:45:03.525228,Asana,webdev,Just launched with Asana. Integration process was smooth.,56,23,Positive,reddit
2025-09-20 20:45:03.525233,Asana,entrepreneur,Looking for Asana alternative. Too expensive for our budget.,15,8,Negative,reddit
2025-09-16 20:45:03.525237,Asana,SaaS,Switched from Monday.com to Asana. Much better pricing.,23,12,Positive,reddit
2025-09-12 20:45:03.525241,Asana,startups,Anyone use Asana? Considering it vs alternatives. Thoughts?,41,18,Neutral,reddit
2025-09-08 20:45:03.525244,Asana,productivity,Asana support is terrible. Been waiting 3 days for response.,19,9,Negative,reddit
2025-09-04 20:45:03.525247,Asana,webdev,Just launched with Asana. Integration process was smooth.,28,14,Positive,reddit
2025-08-31 20:45:03.525250,Asana,entrepreneur,Looking for Asana alternative. Too expensive for our budget.,37,20,Negative,reddit
2025-08-27 20:45:03.525253,Asana,SaaS,Switched from Monday.com to Asana. Much better pricing.,12,5,Positive,reddit
2025-08-23 20:45:03.525257,Asana,startups,Anyone use Asana? Considering it vs alternatives. Thoughts?,34,15,Neutral,reddit
2025-08-19 20:45:03.525260,Asana,productivity,Asana support is terrible. Been waiting 3 days for response.,8,3,Negative,reddit
2025-08-15 20:45:03.525263,Asana,webdev,Just launched with Asana. Integration process was smooth.,56,23,Positive,reddit
2025-08-11 20:45:03.525266,Asana,entrepreneur,Looking for Asana alternative. Too expensive for our budget.,15,8,Negative,reddit
2025-08-07 20:45:03.525269,Asana,SaaS,Switched from Monday.com to Asana. Much better pricing.,23,12,Positive,reddit
2025-08-03 20:45:03.525272,Asana,startups,Anyone use Asana? Considering it vs alternatives. Thoughts?,41,18,Neutral,reddit
2025-07-30 20:45:03.525275,Asana,productivity,Asana support is terrible. Been waiting 3 days for response.,19,9,Negative,reddit
2025-07-26 20:45:03.525279,Asana,webdev,Just launched with Asana. Integration process was smooth.,28,14,Positive,reddit
2025-07-22 20:45:03.525282,Asana,entrepreneur,Looking for Asana alternative. Too expensive for our budget.,37,20,Negative,reddit
2025-07-18 20:45:03.525285,Asana,SaaS,Switched from Monday.com to Asana. Much better pricing.,12,5,Positive,reddit
2025-07-14 20:45:03.525288,Asana,startups,Anyone use Asana? Considering it vs alternatives. Thoughts?,34,15,Neutral,reddit
2025-07-10 20:45:03.525291,Asana,productivity,Asana support is terrible. Been waiting 3 days for response.,8,3,Negative,reddit
2025-07-06 20:45:03.525295,Asana,webdev,Just launched with Asana. Integration process was smooth.,56,23,Positive,reddit
2025-07-02 20:45:03.525298,Asana,entrepreneur,Looking for Asana alternative. Too expensive for our budget.,15,8,Negative,reddit
2025-06-28 20:45:03.525301,Asana,SaaS,Switched from Monday.com to Asana. Much better pricing.,23,12,Positive,reddit
2025-06-24 20:45:03.525304,Asana,startups,Anyone use Asana? Considering it vs alternatives. Thoughts?,41,18,Neutral,reddit
2025-06-20 20:45:03.525307,Asana,productivity,Asana support is terrible. Been waiting 3 days for response.,19,9,Negative,reddit
2025-06-16 20:45:03.525310,Asana,webdev,Just launched with Asana. Integration process was smooth.,28,14,Positive,reddit
2025-06-12 20:45:03.525313,Asana,entrepreneur,Looking for Asana alternative. Too expensive for our budget.,37,20,Negative,reddit
2025-06-08 20:45:03.525316,Asana,SaaS,Switched from Monday.com to Asana. Much better pricing.,12,5,Positive,reddit
2025-06-04 20:45:03.525319,Asana,startups,Anyone use Asana? Considering it vs alternatives. Thoughts?,34,15,Neutral,reddit
2025-05-31 20:45:03.525322,Asana,productivity,Asana support is terrible. Been waiting 3 days for response.,8,3,Negative,reddit
2025-05-27 20:45:03.525326,Asana,webdev,Just launched with Asana. Integration process was smooth.,56,23,Positive,reddit
2025-05-23 20:45:03.525329,Asana,entrepreneur,Looking for Asana alternative. Too expensive for our budget.,15,8,Negative,reddit
2025-05-19 20:45:03.525332,Asana,SaaS,Switched from Monday.com to Asana. Much better pricing.,23,12,Positive,reddit
2025-05-15 20:45:03.525335,Asana,startups,Anyone use Asana? Considering it vs alternatives. Thoughts?,41,18,Neutral,reddit
2025-05-11 20:45:03.525338,Asana,productivity,Asana support is terrible. Been waiting 3 days for response.,19,9,Negative,reddit
2025-05-07 20:45:03.525341,Asana,webdev,Just launched with Asana. Integration process was smooth.,28,14,Positive,reddit
2025-05-03 20:45:03.525344,Asana,entrepreneur,Looking for Asana alternative. Too expensive for our budget.,37,20,Negative,reddit
2025-04-29 20:45:03.525347,Asana,SaaS,Switched from Monday.com to Asana. Much better pricing.,12,5,Positive,reddit
2025-04-25 20:45:03.525350,Asana,startups,Anyone use Asana? Considering it vs alternatives. Thoughts?,34,15,Neutral,reddit
2025-04-21 20:45:03.525353,Asana,productivity,Asana support is terrible. Been waiting 3 days for response.,8,3,Negative,reddit
2025-04-17 20:45:03.525356,Asana,webdev,Just launched with Asana. Integration process was smooth.,56,23,Positive,reddit
2025-04-13 20:45:03.525359,Asana,entrepreneur,Looking for Asana alternative. Too expensive for our budget.,15,8,Negative,reddit
2025-04-09 20:45:03.525362,Asana,SaaS,Switched from Monday.com to Asana. Much better pricing.,23,12,Positive,reddit
2025-04-05 20:45:03.525365,Asana,startups,Anyone use Asana? Considering it vs alternatives. Thoughts?,41,18,Neutral,reddit
2025-04-01 20:45:03.525368,Asana,productivity,Asana support is terrible. Been waiting 3 days for response.,19,9,Negative,reddit
2025-03-28 20:45:03.525371,Asana,webdev,Just launched with Asana. Integration process was smooth.,28,14,Positive,reddit
2025-03-24 20:45:03.525375,Asana,entrepreneur,Looking for Asana alternative. Too expensive for our budget.,37,20,Negative,reddit
2025-03-20 20:45:03.525378,Asana,SaaS,Switched from Monday.com to Asana. Much better pricing.,12,5,Positive,reddit
2025-03-16 20:45:03.525380,Asana,startups,Anyone use Asana? Considering it vs alternatives. Thoughts?,34,15,Neutral,reddit
2025-03-12 20:45:03.525384,Asana,productivity,Asana support is terrible. Been waiting 3 days for response.,8,3,Negative,reddit
2025-03-08 20:45:03.525387,Asana,webdev,Just launched with Asana. Integration process was smooth.,56,23,Positive,reddit
2025-03-04 20:45:03.525392,Asana,entrepreneur,Looking for Asana alternative. Too expensive for our budget.,15,8,Negative,reddit
2025-02-28 20:45:03.525396,Asana,SaaS,Switched from Monday.com to Asana. Much better pricing.,23,12,Positive,reddit
2025-02-24 20:45:03.525401,Asana,startups,Anyone use Asana? Considering it vs alternatives. Thoughts?,41,18,Neutral,reddit
2025-02-20 20:45:03.525406,Asana,productivity,Asana support is terrible. Been waiting 3 days for response.,19,9,Negative,reddit
2025-02-16 20:45:03.525411,Asana,webdev,Just launched with Asana. Integration process was smooth.,28,14,Positive,reddit
2025-02-12 20:45:03.525415,Asana,entrepreneur,Looking for Asana alternative. Too expensive for our budget.,37,20,Negative,reddit
2025-02-08 20:45:03.525418,Asana,SaaS,Switched from Monday.com to Asana. Much better pricing.,12,5,Positive,reddit
2025-02-04 20:45:03.525421,Asana,startups,Anyone use Asana? Considering it vs alternatives. Thoughts?,34,15,Neutral,reddit
2025-01-31 20:45:03.525424,Asana,productivity,Asana support is terrible. Been waiting 3 days for response.,8,3,Negative,reddit
2025-01-27 20:45:03.525428,Asana,webdev,Just launched with Asana. Integration process was smooth.,56,23,Positive,reddit
2025-01-23 20:45:03.525433,Asana,entrepreneur,Looking for Asana alternative. Too expensive for our budget.,15,8,Negative,reddit
2025-01-19 20:45:03.525440,Asana,SaaS,Switched from Monday.com to Asana. Much better pricing.,23,12,Positive,reddit
2025-01-15 20:45:03.525445,Asana,startups,Anyone use Asana? Considering it vs alternatives. Thoughts?,41,18,Neutral,reddit
2025-01-11 20:45:03.525449,Asana,productivity,Asana support is terrible. Been waiting 3 days for response.,19,9,Negative,reddit
2025-01-07 20:45:03.525453,Asana,webdev,Just launched with Asana. Integration process was smooth.,28,14,Positive,reddit
2025-01-03 20:45:03.525457,Asana,entrepreneur,Looking for Asana alternative. Too expensive for our budget.,37,20,Negative,reddit
2024-12-30 20:45:03.525461,Asana,SaaS,Switched from Monday.com to Asana. Much better pricing.,12,5,Positive,reddit
2024-12-26 20:45:03.525466,Asana,startups,Anyone use Asana? Considering it vs alternatives. Thoughts?,34,15,Neutral,reddit
2024-12-22 20:45:03.525471,Asana,productivity,Asana support is terrible. Been waiting 3 days for response.,8,3,Negative,reddit
2024-12-18 20:45:03.525475,Asana,webdev,Just launched with Asana. Integration process was smooth.,56,23,Positive,reddit
2024-12-14 20:45:03.525480,Asana,entrepreneur,Looking for Asana alternative. Too expensive for our budget.,15,8,Negative,reddit
2024-12-10 20:45:03.525485,Asana,SaaS,Switched from Monday.com to Asana. Much better pricing.,23,12,Positive,reddit
2024-12-06 20:45:03.525490,Asana,startups,Anyone use Asana? Considering it vs alternatives. Thoughts?,41,18,Neutral,reddit
2024-12-02 20:45:03.525497,Asana,productivity,Asana support is terrible. Been waiting 3 days for response.,19,9,Negative,reddit
2024-11-28 20:45:03.525502,Asana,webdev,Just launched with Asana. Integration process was smooth.,28,14,Positive,reddit
2024-11-24 20:45:03.525505,Asana,entrepreneur,Looking for Asana alternative. Too expensive for our budget.,37,20,Negative,reddit
2024-11-20 20:45:03.525509,Asana,SaaS,Switched from Monday.com to Asana. Much better pricing.,12,5,Positive,reddit
2024-11-16 20:45:03.525512,Asana,startups,Anyone use Asana? Considering it vs alternatives. Thoughts?,34,15,Neutral,reddit
2024-11-12 20:45:03.525515,Asana,productivity,Asana support is terrible. Been waiting 3 days for response.,8,3,Negative,reddit
2024-11-08 20:45:03.525518,Asana,webdev,Just launched with Asana. Integration process was smooth.,56,23,Positive,reddit
2024-11-04 20:45:03.525523,Asana,entrepreneur,Looking for Asana alternative. Too expensive for our budget.,15,8,Negative,reddit
2024-10-31 20:45:03.525528,Asana,SaaS,Switched from Monday.com to Asana. Much better pricing.,23,12,Positive,reddit
2024-10-27 20:45:03.525532,Asana,startups,Anyone use Asana? Considering it vs alternatives. Thoughts?,41,18,Neutral,reddit
2024-10-23 20:45:03.525537,Asana,productivity,Asana support is terrible. Been waiting 3 days for response.,19,9,Negative,reddit
2024-10-19 20:45:03.525541,Asana,webdev,Just launched with Asana. Integration process was smooth.,28,14,Positive,reddit
2024-10-15 20:45:03.525546,Asana,entrepreneur,Looking for Asana alternative. Too expensive for our budget.,37,20,Negative,reddit
2024-10-11 20:45:03.525550,Asana,SaaS,Switched from Monday.com to Asana. Much better pricing.,12,5,Positive,reddit
2024-10-07 20:45:03.525555,Asana,startups,Anyone use Asana? Considering it vs alternatives. Thoughts?,34,15,Neutral,reddit
2024-10-03 20:45:03.525559,Asana,productivity,Asana support is terrible. Been waiting 3 days for response.,8,3,Negative,reddit
2024-09-29 20:45:03.525566,Asana,webdev,Just launched with Asana. Integration process was smooth.,56,23,Positive,reddit
2024-09-25 20:45:03.525569,Asana,entrepreneur,Looking for Asana alternative. Too expensive for our budget.,15,8,Negative,reddit
2024-09-21 20:45:03.525573,Asana,SaaS,Switched from Monday.com to Asana. Much better pricing.,23,12,Positive,reddit
2024-09-17 20:45:03.525576,Asana,startups,Anyone use Asana? Considering it vs alternatives. Thoughts?,41,18,Neutral,reddit
2024-09-13 20:45:03.525579,Asana,productivity,Asana support is terrible. Been waiting 3 days for response.,19,9,Negative,reddit
2024-09-09 20:45:03.525582,Asana,webdev,Just launched with Asana. Integration process was smooth.,28,14,Positive,reddit
2024-09-05 20:45:03.525585,Asana,entrepreneur,Looking for Asana alternative. Too expensive for our budget.,37,20,Negative,reddit
